time,value,is_extreme,indicator,above_alarm_threshold,is_baseline
0,0.4381199899416437,False,0.2894606071664875,False,True
1,0.1281943102546343,False,0.002206995195932791,False,True
2,0.7530928195996054,False,0.5858780261051848,False,True
3,0.8912919179146567,False,0.7159356570020701,False,True
4,0.0976221661615031,False,0.030978099209408187,False,True
5,0.3581311018118672,False,0.2141839561964593,False,True
6,0.844588146023869,False,0.6719832578900503,False,True
7,0.7601375558663055,False,0.5925077488769765,False,True
8,0.8899632627028816,False,0.7146852743930003,False,True
9,0.6703696186152721,False,0.508028143787555,False,True
10,1.2129014467751669,False,1.0185987995799404,False,True
11,1.1971325749118455,False,1.0037588900475005,False,True
12,0.9907725453585232,False,0.809555766563059,False,True
13,1.3094346179375225,False,1.109445090890165,False,True
14,1.105735583887396,False,0.9177462006112393,False,True
15,0.6967239118048751,False,0.5328298753327774,False,True
16,1.049934350603737,False,0.8652322819932429,False,True
17,0.6332204288020815,False,0.4730674553623102,False,True
18,1.163810136847387,False,0.9723995150355748,False,True
19,0.863535959790158,False,0.6898148342112003,False,True
20,0.8011527677465008,False,0.6311067075743142,False,True
21,0.6312506234272385,False,0.47121369348178027,False,True
22,1.1829196269398583,False,0.9903832431450631,False,True
23,0.7529327023289969,False,0.5857273415266678,False,True
24,0.6571198647275402,False,0.49555894810093215,False,True
25,0.6700561388264206,False,0.5077331314526761,False,True
26,0.9296379832861033,False,0.7520227116734268,False,True
27,0.8782698758067287,False,0.7036807583330812,False,True
28,0.8957079431669007,False,0.7200915291408185,False,True
29,0.9089084167261336,False,0.7325143476596269,False,True
30,1.434262130597745,False,1.2269188715824908,False,True
31,0.6859431316110091,False,0.5226842032674076,False,True
32,0.6738134939813736,False,0.5112691365051646,False,True
33,0.6058924637286998,False,0.4473494120609396,False,True
34,1.0595674098980328,False,0.8742978467138549,False,True
35,1.2396283298530195,False,1.0437511713156755,False,True
36,0.8934630251113453,False,0.7179788617831954,False,True
37,0.7019464025076789,False,0.5377447031172484,False,True
38,0.7316964363743861,False,0.5657421283608302,False,True
39,1.1970359106585569,False,1.0036679203962624,False,True
40,1.2445169569905714,False,1.0483518038205184,False,True
41,1.200181613155204,False,1.0066283059502092,False,True
42,0.8485096490745271,False,0.6756737406974042,False,True
43,1.123286553259268,False,0.9342632222436509,False,True
44,1.0880977859067522,False,0.9011474655430051,False,True
45,1.111691239766737,False,0.9233510019706404,False,True
46,1.2937489043847044,False,1.0946834407167605,False,True
47,1.0787355632273554,False,0.8923367821416155,False,True
48,1.1877867243917042,False,0.994963614302683,False,True
49,0.9701420095428176,False,0.7901405992787743,False,True
50,0.99600169868484,False,0.8144768644682487,False,True
51,1.052190176002666,False,0.867355214130129,False,True
52,0.3739806561083406,False,0.22909979506735864,False,True
53,0.6591161806910256,False,0.49743765880091545,False,True
54,0.5542622518991766,False,0.39876079523838814,False,True
55,0.4415342589263381,False,0.29267373764858207,False,True
56,0.4870260618029867,False,0.33548556623140763,False,True
57,0.9541071091035214,False,0.7750503332189476,False,True
58,0.1827858574188188,False,0.049168501299590696,False,True
59,0.671960311290776,False,0.5095251269327665,False,True
60,-0.1812534071462934,False,0.2934247925788435,False,True
61,0.1695757601711344,False,0.03673662603485762,False,True
62,0.2706493110352683,False,0.1318558180700884,False,True
63,0.3557742966857635,False,0.21196599316396608,False,True
64,0.3585028110848239,False,0.21453376764973628,False,True
65,0.3562188277196173,False,0.21238433636466753,False,True
66,-0.0049080800319233,False,0.12746817098102078,False,True
67,-0.048683624011459,False,0.1686648474471853,False,True
68,0.3467789482596637,False,0.20350057103274838,False,True
69,0.0404712553345111,False,0.0847621843183645,False,True
70,-0.2673697058126512,False,0.37446788130162506,False,True
71,-0.198466439377313,False,0.30962378533503815,False,True
72,-0.0998760199739999,False,0.21684144063772304,False,True
73,0.3671947634475297,False,0.22271366712769824,False,True
74,0.309756197347843,False,0.16865887284814818,False,True
75,0.5291735457582204,False,0.3751500935569465,False,True
76,0.2538854272131728,False,0.11607951387480328,False,True
77,0.4936221425909313,False,0.3416930643333768,False,True
78,0.7005732303851471,False,0.5364524261397026,False,True
79,0.488600082286194,False,0.3369668593622965,False,True
80,0.7874413792383952,False,0.6182030726923725,False,True
81,0.5201725901214913,False,0.3666793945423101,False,True
82,0.676392846308806,False,0.5136965362280592,False,True
83,0.7345078952001104,False,0.5683879609219389,False,True
84,0.5501905254292399,False,0.39492893884571567,False,True
85,1.1102783765867976,False,0.9220213721814109,False,True
86,0.8732038786431966,False,0.6989132048739602,False,True
87,1.061606276002957,False,0.8762166008776331,False,True
88,1.2394631206272544,False,1.0435956947549214,False,True
89,1.2598372639534672,False,1.0627695739253924,False,True
90,1.3492618597094852,False,1.1469260641611374,False,True
91,1.1370325089646107,False,0.9471993879295865,False,True
92,1.0498757335496305,False,0.8651771181370368,False,True
93,1.1569344240749286,False,0.965928858390082,False,True
94,0.6728135698679445,False,0.5103281190683302,False,True
95,0.7378303591918203,False,0.5715146947485007,False,True
96,0.7636052402319482,False,0.5957711479786517,False,True
97,0.8459955799359149,False,0.6733077782557864,False,True
98,1.247028767970528,False,1.0507156411341978,False,True
99,0.8354638368780393,False,0.6633964722630404,False,True
100,0.9726845239087144,False,0.7925333312067063,False,True
101,1.454866784686215,False,1.2463096818617818,False,True
102,0.9380176718938044,False,0.7599087432124076,False,True
103,1.247624101397344,False,1.0512759027858973,False,True
104,0.7301950830144492,False,0.5643292214496192,False,True
105,0.9356665180294657,False,0.757696098519366,False,True
106,0.7029688323384498,False,0.5387069004337983,False,True
107,0.8810279707504461,False,0.706276370739689,False,True
108,1.2339608773435111,False,1.038417594934975,False,True
109,0.4673046435808928,False,0.3169259593803921,False,True
110,1.1239413137258114,False,0.9348794100199955,False,True
111,1.077353467401371,False,0.8910361071662243,False,True
112,0.8441830279649032,False,0.6716020058006733,False,True
113,0.6085082709218712,False,0.44981111905161286,False,True
114,1.0867546178989909,False,0.8998834251034091,False,True
115,0.9312187937934404,False,0.7535103948203347,False,True
116,1.1861439023390086,False,0.9934175727816908,False,True
117,1.1495716551384094,False,0.9589998386178844,False,True
118,1.6496377668832036,False,1.4296064820641383,False,True
119,1.1217700984162498,False,0.9328361034950506,False,True
120,0.9083396680383078,False,0.7319791046094464,False,True
121,1.2872864252879586,False,1.0886016736770991,False,True
122,1.3129169538366583,False,1.1127222783866875,False,True
123,1.6624424611696107,False,1.4416568371211047,False,True
124,1.506477694590425,False,1.2948801338575824,False,True
125,1.3569923621499185,False,1.1542011538346844,False,True
126,1.6749981348940288,False,1.4534728417030554,False,True
127,0.8570438853986446,False,0.6837052153695367,False,True
128,0.9906545165917676,False,0.8094446910063507,False,True
129,0.8645710654432145,False,0.6907889606028037,False,True
130,0.9766058133836488,False,0.7962236130203274,False,True
131,0.6227452119362455,False,0.46320934553878645,False,True
132,1.1600232710669909,False,0.9688357378624414,False,True
133,0.8285558235649987,False,0.6568954179388651,False,True
134,0.3723932578222975,False,0.22760591223534557,False,True
135,0.4208366682738368,False,0.27319546580486004,False,True
136,0.7258264576196335,False,0.5602179567883225,False,True
137,0.7848932637914168,False,0.6158050696494708,False,True
138,1.030702433645911,False,0.847133339325481,False,True
139,1.2018047268770566,False,1.008155800180737,False,True
140,0.3468982861276963,False,0.2036128785700756,False,True
141,-0.1791420934153826,False,0.2914378587618346,False,True
142,-0.6252983153656553,False,0.7113105058646111,False,True
143,-0.006120023760587,False,0.128608717714336,False,True
144,-0.4272680385062037,False,0.5249464197872886,False,True
145,-0.4000901119413917,False,0.4993695760538298,False,True
146,-0.5454012400732415,False,0.6361202589323727,False,True
147,-0.4836622226163909,False,0.5780183578184134,False,True
148,-0.1939591761310516,False,0.30538205013716435,False,True
149,-0.5311081178912158,False,0.6226691609745828,False,True
150,-0.6820523997912659,False,0.7647211420707147,False,True
151,-0.9929645900572924,False,1.0573171385422573,False,True
152,-1.2240152063708003,False,1.2747562979967972,False,True
153,-0.8985166279225832,False,0.9684332142037928,False,True
154,-0.7917445606482227,False,0.8679512118971697,False,True
155,-0.2606407886316131,False,0.3681353723508641,False,True
156,-0.7603649360633917,False,0.8384201969940696,False,True
157,-0.5067878789036402,False,0.5997816551649615,False,True
158,-0.948118466644641,False,1.015112951705507,False,True
159,-1.1459974957794528,False,1.2013347002351538,False,True
160,-1.0686666576950614,False,1.1285595105331294,False,True
161,-0.982754603494956,False,1.0477086340007924,False,True
162,-0.1111562811665961,False,0.22745716870320315,False,True
163,-0.9800834380397664,False,1.0451948299668212,False,True
164,-0.4665179837346478,False,0.5618841057163725,False,True
165,-0.9746738469571132,False,1.0401039241005114,False,True
166,-0.4122124574314869,False,0.5107777802648381,False,True
167,-0.5669674163824957,False,0.656415947055402,False,True
168,-0.723694887876373,False,0.8039104234121471,False,True
169,-0.6871351313267755,False,0.769504444060763,False,True
170,-0.8738232176967994,False,0.9451945211016932,False,True
171,-0.5504980192684158,False,0.6409167810183399,False,True
172,-0.8322197931335132,False,0.9060420020051992,False,True
173,-1.0791498279506495,False,1.1384251052030911,False,True
174,-1.114647112334845,False,1.171831203843162,False,True
175,-0.7029157465652482,False,0.7843554051526526,False,True
176,-0.3074631706850405,False,0.41219939416477763,False,True
177,-0.7620913387536967,False,0.8400448953214292,False,True
178,-0.8762077832936057,False,0.9474386092037141,False,True
179,-0.7861760565266971,False,0.8627107547414063,False,True
180,-0.5113057049724657,False,0.604033330917405,False,True
181,-0.8674101297622298,False,0.9391592355341847,False,True
182,-1.084611015043,False,1.1435645674989778,False,True
183,-0.6546125431353184,False,0.7388977988482649,False,True
184,-0.8792063460882928,False,0.9502605232243361,False,True
185,-0.5637818539644968,False,0.6534180497737958,False,True
186,-0.98081448827296,False,1.045882813192146,False,True
187,-1.4083683115302772,False,1.4482489502488898,False,True
188,-1.4501746068407386,False,1.4875923887441178,False,True
189,-0.5362329373848355,False,0.6274920714728474,False,True
190,-0.4990606386258103,False,0.5925096354762767,False,True
191,-1.0474678052081463,False,1.1086095067646862,False,True
192,-1.0789238358876272,False,1.1382124265917504,False,True
193,-0.4890589231679638,False,0.5830971325496161,False,True
194,-1.216725075914057,False,1.2678956374882042,False,True
195,-1.104322361254775,False,1.1621146956933566,False,True
196,-0.5890947993576232,False,0.6772397805158242,False,True
197,-0.8424093848486893,False,0.915631313183346,False,True
198,-0.6642081620195859,False,0.7479281288163535,False,True
199,-0.6481110040092348,False,0.732779272850402,False,True
200,-0.4330987249723691,False,0.5304336138250041,False,True
201,-0.0474753181229793,False,0.16752772424471568,False,True
202,-0.3791391644432652,False,0.479652872906899,False,True
203,-0.1521589616270523,False,0.2660443342211142,False,True
204,-0.903004051151655,False,0.9726562781826492,False,True
205,-0.2498646095196176,False,0.35799403031235383,False,True
206,-0.4412190678651098,False,0.5380755780026039,False,True
207,-0.5135165748703758,False,0.6061139559334084,False,True
208,-0.3783584950031319,False,0.47891819359903653,False,True
209,-0.1902638988750817,False,0.3019044659034166,False,True
210,0.201052808704438,False,0.06635932552986502,False,True
211,-0.4642426293225205,False,0.5597427950428584,False,True
212,-0.0588253000654052,False,0.17820906573067222,False,True
213,-0.224031065570456,False,0.333682370072436,False,True
214,-0.1967414107889649,False,0.30800038015971276,False,True
215,0.1741864949598917,False,0.04107573714796041,False,True
216,-0.0014364534802877,False,0.12420106193205185,False,True
217,0.19475233550691,False,0.0604300204360519,False,True
218,-0.302982810070956,False,0.40798297673415773,False,True
219,-0.5212314927582117,False,0.6133743791582297,False,True
220,-0.4400671448523102,False,0.5369915160959279,False,True
221,-0.3641807119463599,False,0.46557564000631924,False,True
222,-0.4504046101733676,False,0.5467199894761989,False,True
223,-0.8964097554743097,False,0.9664504600283661,False,True
224,-0.6117778266462944,False,0.6985865246458668,False,True
225,-0.637274256619256,False,0.7225809306806459,False,True
226,-0.0152285172771303,False,0.13718061942892368,False,True
227,-0.2690534625830391,False,0.3760524460291316,False,True
228,-1.1457183360681396,False,1.2010719861426749,False,True
229,-1.0288103848904575,False,1.0910512164809518,False,True
230,-1.4290298378503423,False,1.467693282351371,False,True
231,-1.2086472369110135,False,1.2602936732474006,False,True
232,-0.9718651676631976,False,1.0374607073258042,False,True
233,-0.7333724844111181,False,0.8130179016332824,False,True
234,-1.335863754230968,False,1.3800157195943838,False,True
235,-1.3289375750343844,False,1.3734975695597043,False,True
236,-1.7862506767459168,False,1.8038698318382826,False,True
237,-1.1944636740377914,False,1.2469456803338508,False,True
238,-1.4627633559638806,False,1.4994395202151107,False,True
239,-1.2966822152956934,False,1.343142410065266,False,True
240,-1.3909140527731712,False,1.431822941897986,False,True
241,-1.143167955965386,False,1.1986718518574675,False,True
242,-1.6271562784109617,False,1.6541478670159107,False,True
243,-1.5237319514905454,False,1.5568163858385884,False,True
244,-0.4283788643589242,False,0.5259918056147307,False,True
245,-1.4375709356924582,False,1.4757312143216053,False,True
246,-1.3660866586390714,False,1.4084581580333102,False,True
247,-0.4739922004982653,False,0.5689180077963255,False,True
248,-0.1445750388249799,False,0.25890718901128196,False,True
249,-1.3622062926346523,False,1.4048063888416107,False,True
250,-1.1199396579606131,False,1.1768119595347215,False,True
251,-0.9101532713810204,False,0.979384329647006,False,True
252,-0.5017839077429875,False,0.5950724736857366,False,True
253,-1.32888060437932,False,1.373443955111284,False,True
254,-1.1233767759487254,False,1.1800465929592312,False,True
255,-0.8378293632631196,False,0.9113211059233982,False,True
256,-0.9656827180591364,False,1.0316424729201747,False,True
257,-1.2373217225510191,False,1.2872789120441412,False,True
258,-1.1955707693419788,False,1.2479875553836535,False,True
259,-1.600620052344672,False,1.6291749204684733,False,True
260,-1.2932049696712848,False,1.339870012969547,False,True
261,-1.3351648203735458,False,1.3793579607322912,False,True
262,-1.2179546134221293,False,1.2690527415312,False,True
263,-1.4843601544005216,False,1.519764026480874,False,True
264,-1.203190305189473,False,1.255158215633548,False,True
265,-1.063415671142627,False,1.1236178656222187,False,True
266,-1.3378701456163,False,1.3819039121615548,False,True
267,-1.290001934583372,False,1.3368556723530558,False,True
268,-1.383537691276178,False,1.4248811303186448,False,True
269,-1.395617439004562,False,1.4362492462509506,False,True
270,-1.599880677570136,False,1.628479103110086,False,True
271,-1.2674033824234672,False,1.3155884268250377,False,True
272,-1.361358581491277,False,1.4040086173341515,False,True
273,-0.6648075745733225,False,0.7484922292889277,False,True
274,-0.7721556065244758,False,0.8495162655325101,False,True
275,-1.070857595437381,False,1.1306213776196936,False,True
276,-1.3494204889869337,False,1.3927738115541368,False,True
277,-1.380120633822289,False,1.4216653756392745,False,True
278,-0.6076625606401049,False,0.6947136936809688,False,True
279,-0.7983540831523055,False,0.8741713598483596,False,True
280,-0.6398465001543547,False,0.725001640398318,False,True
281,-1.2095868681826265,False,1.2611779497628959,False,True
282,-0.3070649293963927,False,0.41182461372729046,False,True
283,-0.346028033725289,False,0.4484923568832712,False,True
284,-0.7117519618610701,False,0.7926710688688482,False,True
285,-0.4168029742022942,False,0.5150978644266216,False,True
286,-0.0946291298414176,False,0.21190365082187165,False,True
287,-0.0592541351202836,False,0.17861263762052546,False,True
288,-0.0678507785531182,False,0.1867028429270095,False,True
289,0.0785826866588199,False,0.0488959411332661,False,True
290,0.1180013874924965,False,0.011799441185243563,False,True
291,0.3167001542997058,False,0.1751937533301497,False,True
292,0.7824678595565084,False,0.6135225487603667,False,True
293,-0.3665981655971582,False,0.46785067868934377,False,True
294,0.3867168986022849,False,0.24108573090548152,False,True
295,0.5569640772582874,False,0.40130345296616887,False,True
296,0.6309538779425375,False,0.4709344296139975,False,True
297,0.460839849140385,False,0.3108420133965258,False,True
298,0.068133109405434,False,0.058729921803321886,False,True
299,0.7092704447604996,False,0.5446372776391099,False,True
300,1.1384272844289278,False,0.9485119955712705,False,True
301,0.1637982226878804,False,0.03129944991249987,False,True
302,0.8820734285023062,False,0.7072602393760802,False,True
303,0.5194919158825554,False,0.3660388196036319,False,True
304,0.5919034350423503,False,0.4341844931021519,False,True
305,0.2848040174919672,False,0.14517665453171538,False,True
306,0.489825041194735,False,0.33811965453631193,False,True
307,0.9697474163721944,False,0.789769252044494,False,True
308,0.7451054014815693,False,0.5783611559513256,False,True
309,1.0824264880393746,False,0.8958102703388786,False,True
310,0.9109841108460572,False,0.7344677602577933,False,True
311,0.6877603426681188,False,0.5243943603365119,False,True
312,1.0812510658137235,False,0.8947040935849376,False,True
313,0.6959450035419761,False,0.5320968534491778,False,True
314,0.8231894562897168,False,0.6518451895158501,False,True
315,0.5008138949343489,False,0.34846114229615577,False,True
316,0.629109558566789,False,0.46919876120840304,False,True
317,0.4234179746580859,False,0.2756247044688425,False,True
318,0.9567826610695505,False,0.7775682653493726,False,True
319,0.3369301081636093,False,0.19423193740494427,False,True
320,0.958256748478852,False,0.7789555125783787,False,True
321,0.701362184962273,False,0.537194902497633,False,True
322,1.145983739562603,False,0.9556232912645606,False,True
323,1.0560728107020472,False,0.8710091183653679,False,True
324,1.4124191311701333,False,1.2063626683085666,False,True
325,1.1191219565719877,False,0.9303439667246755,False,True
326,0.4592380453428315,False,0.3093345736982108,False,True
327,0.938095696607464,False,0.7599821714006787,False,True
328,0.6294101354289219,False,0.4694816307427781,False,True
329,0.8430627291216508,False,0.6705477050474385,False,True
330,1.4634556826287106,False,1.2543925979736479,False,True
331,1.2063129512395945,False,1.0123984398744246,False,True
332,0.8033167779559507,False,0.6331432334598603,False,True
333,0.6994999904331549,False,0.5354424119844599,False,True
334,0.9966005189825694,False,0.8150404075752965,False,True
335,0.5974979147363707,False,0.4394493955796363,False,True
336,0.7295566237716663,False,0.5637283745732431,False,True
337,0.9860142776110974,False,0.8050778138271267,False,True
338,1.1941038999063702,False,1.0009086377609713,False,True
339,0.979479791928106,False,0.7989282821918184,False,True
340,0.0538413577251637,False,0.07217972999718693,False,True
341,0.7728662875322927,False,0.6044866163586333,False,True
342,0.6404642037336095,False,0.4798844912028557,False,True
343,0.678389612262617,False,0.5155756704089218,False,True
344,0.9736841222431686,False,0.7934740420565789,False,True
345,-0.1951270327186388,False,0.3064811069534589,False,True
346,0.1831644605012997,False,0.04952480044016446,False,True
347,0.4772327261728909,False,0.3262691672378001,False,True
348,-0.231093623729525,False,0.34032886482847263,False,True
349,0.6346290976516483,False,0.4743931379139809,False,True
350,0.2568340203306278,False,0.11885440198920201,False,True
351,0.3616835905412374,False,0.21752716373951067,False,True
352,-0.0945491124462119,False,0.21182834734321027,False,True
353,0.2981323175505677,False,0.157719769144176,False,True
354,0.3604981445645785,False,0.21641155374523252,False,True
355,0.1047304924339111,False,0.024288532592092668,False,True
356,0.1091541251690004,False,0.020125501136040353,False,True
357,0.1328846116842425,False,0.002206995195932765,False,True
358,-0.1855408571331315,False,0.2974596639685675,False,True
359,0.0592046835728102,False,0.06713236382781616,False,True
360,0.0954566062451697,False,0.03301608350682748,False,True
361,0.3010184071969838,False,0.1604358359387162,False,True
362,0.5369323190495882,False,0.3824517886131683,False,True
363,-0.024338815393217,False,0.14575421943202552,False,True
364,0.3161774504481136,False,0.1747018425620795,False,True
365,0.8617033754033319,False,0.6880902094728689,False,True
366,0.2597752917179261,False,0.12162239970496681,False,True
367,0.3026186465104787,False,0.16194180331852318,False,True
368,0.6761562927002138,False,0.5134739182639139,False,True
369,0.933590381107702,False,0.755742269205324,False,True
370,0.7461258896873774,False,0.5793215260262667,False,True
371,1.200480402446988,False,1.006909493222055,False,True
372,1.113758407281005,False,0.9252963902752718,False,True
373,1.159313366720593,False,0.9681676547954634,False,True
374,1.117590752332419,False,0.9289029674833954,False,True
375,1.6883516865972623,False,1.466039720356796,False,True
376,0.9610444364838654,False,0.7815789746850935,False,True
377,0.4477957549986258,False,0.2985663618043158,False,True
378,1.550154949905247,False,1.3359843119570243,False,True
379,0.9455615376769864,False,0.7670081912082842,False,True
380,1.1235424351548386,False,0.9345040298432161,False,True
381,1.4871490737866884,False,1.2766901842784073,False,True
382,0.6121169926033174,False,0.4532072467990253,False,True
383,0.7119289712904535,False,0.54713918732143,False,True
384,0.5985825175427744,False,0.44047010319050217,False,True
385,0.8300429765578368,False,0.6582949610428933,False,True
386,1.1881689881812476,False,0.9953233584938669,False,True
387,1.2011217086128982,False,1.007513019306051,False,True
388,1.1148366916154653,False,0.9263111516426248,False,True
389,0.5975911938463323,False,0.43953717951022403,False,True
390,0.3200532791877432,False,0.17834934178446327,False,True
391,1.0239915302508291,False,0.8408177829478808,False,True
392,0.8643339212913386,False,0.6905657868849572,False,True
393,1.1459697902577657,False,0.9556101637292734,False,True
394,1.2255280552171826,False,1.0304815600339015,False,True
395,1.0679542542964116,False,0.8821906124876758,False,True
396,1.2709134635699366,False,1.0731932619162865,False,True
397,1.132824352606418,False,0.9432391388898819,False,True
398,1.2488503902039851,False,1.0524299495121903,False,True
399,0.9084147505927872,False,0.7320497639645096,False,True
400,1.099620761009749,False,0.9119916089639926,False,True
401,1.2492754825434578,False,1.052829999174296,False,True
402,1.475417081945935,False,1.26564933753546,False,True
403,1.1515498366884809,False,0.9608614832235511,False,True
404,1.4668675832518407,False,1.2576034996170748,False,True
405,1.2710115629947565,False,1.0732855821914546,False,True
406,1.3540745852994838,False,1.1514552665656648,False,True
407,1.6740061749706712,False,1.452539319276719,False,True
408,0.8592042301800081,False,0.6857382917615696,False,True
409,1.095264373456757,False,0.9078918611992193,False,True
410,1.0607576169212842,False,0.8754179372760091,False,True
411,0.8197524476974601,False,0.6486106590425607,False,True
412,1.3231959681663694,False,1.122395744190565,False,True
413,1.7500777227892397,False,1.5241294049470873,False,True
414,1.4295491288717757,False,1.2224835181947635,False,True
415,1.554926834515576,False,1.3404750793708455,False,True
416,1.793517485524583,False,1.5650100814273495,False,True
417,1.8267566509069568,False,1.596291089446419,False,True
418,1.3600671011249752,False,1.1570947564095042,False,True
419,1.7301967127307751,False,1.505419607997859,False,True
420,1.286489757679213,False,1.0878519386710896,False,True
421,0.9344042046620142,False,0.7565081494804661,False,True
422,0.9268862696263164,False,0.7494331046219926,False,True
423,0.5743400134255385,False,0.4176557528008347,False,True
424,0.6600812994066572,False,0.49834592126586397,False,True
425,0.7229687395033331,False,0.5575285901245124,False,True
426,0.9723080925412554,False,0.7921790758429311,False,True
427,1.1465479511366048,False,0.9561542644874973,False,True
428,0.1142103205478409,False,0.015367172027230556,False,True
429,0.5459548140588647,False,0.3909427580912064,False,True
430,0.0170771190524384,False,0.10677814519525163,False,True
431,0.3758153987583907,False,0.23082645092315163,False,True
432,0.1023377835469557,False,0.02654028425369848,False,True
433,-0.4943021715937494,False,0.5880314951957958,False,True
434,0.2526478883272964,False,0.1149148798243485,False,True
435,-0.2815715373298959,False,0.3878330666324212,False,True
436,-0.327344482570232,False,0.43090947515977424,False,True
437,-0.5476902519829024,False,0.6382744225245734,False,True
438,-0.4749069227171435,False,0.5697788426799573,False,True
439,-0.1943279336798576,False,0.3057290837557465,False,True
440,-0.415871863391953,False,0.5142216064222503,False,True
441,-0.2895089669212831,False,0.3953028931410809,False,True
442,-0.3015717432302335,False,0.4066550374597411,False,True
443,-0.0295866894710194,False,0.15069293522775531,False,True
444,-0.5385407347616675,False,0.6296639138587982,False,True
445,-0.8837549231830198,False,0.9545411384244689,False,True
446,-0.1214691845957323,False,0.23716252716078248,False,True
447,-0.5388986737208155,False,0.6300007662232495,False,True
448,-0.1007367464506194,False,0.2176514607302142,False,True
449,-0.3145884095409176,False,0.4189048770258687,False,True
450,-0.4632196133108181,False,0.558780046077968,False,True
451,-0.3142388509961071,False,0.4185759113759324,False,True
452,0.1698571929832626,False,0.037001479317174985,False,True
453,0.2087087789180095,False,0.07356427375553509,False,True
454,-0.3955533034939006,False,0.49510003619642395,False,True
455,-0.3738963839442351,False,0.47471895062137287,False,True
456,-0.1086979933492063,False,0.2251437014411843,False,True
457,-0.6991984648316173,False,0.7808571127502655,False,True
458,-0.3639550657715493,False,0.4653632869065189,False,True
459,-0.494435200177281,False,0.5881566869128665,False,True
460,-0.4195529806487221,False,0.5176858648385941,False,True
461,-0.7947098263309509,False,0.8707417903768954,False,True
462,-1.0560025304342715,False,1.1166414415370483,False,True
463,-1.238325064967445,False,1.2882231464078215,False,True
464,-0.9910983566639148,False,1.055560847098951,False,True
465,-0.8342878850131829,False,0.907988260219806,False,True
466,-0.8259109981239507,False,0.900104865346845,False,True
467,-0.1975807224631918,False,0.3087902470203865,False,True
468,-0.4863081093323752,False,0.5805083723127047,False,True
469,-1.1436735344037,False,1.1991476460900012,False,True
470,-0.784300435021246,False,0.8609456282504787,False,True
471,-1.040015196902515,False,1.101595940163671,False,True
472,-1.027343175465776,False,1.0896704420466017,False,True
473,-0.9046822077496746,False,0.9742355726503659,False,True
474,-0.7862267987126313,False,0.8627585076469579,False,True
475,-1.0783815836575643,False,1.1377021190626104,False,True
476,-0.6546189691420758,False,0.7389038462915924,False,True
477,-1.3058407871800632,False,1.3517614399735838,False,True
478,-0.9430883975590744,False,1.0103792097600637,False,True
479,-0.1397619677948613,False,0.25437766151690844,False,True
480,-0.8188210560401367,False,0.8934325998844838,False,True
481,-0.4154954361845441,False,0.5138673549734522,False,True
482,-0.7713356459100505,False,0.8487446097385064,False,True
483,-0.5722362597195875,False,0.6613743967873013,False,True
484,-0.7063878612842825,False,0.7876229736105189,False,True
485,-0.6795387213803227,False,0.7623555473385506,False,True
486,-0.7985731754659362,False,0.8743775451824605,False,True
487,-0.3703390149184511,False,0.471371150285768,False,True
488,-0.6891691263492431,False,0.7714186141031402,False,True
489,-0.1691001629338223,False,0.2819875099246402,False,True
490,0.0197444785527819,False,0.1042679229029605,False,True
491,-0.1361266222893901,False,0.2509564783854861,False,True
492,-0.2765103204347785,False,0.3830700118306188,False,True
493,-0.0043498481176603,False,0.12694282514920813,False,True
494,-0.1893482205953324,False,0.30104273128155645,False,True
495,0.2205795878440354,False,0.08473575971001604,False,True
496,-0.5806668164568489,False,0.6693082997559763,False,True
497,-0.1114483942032014,False,0.22773207302572174,False,True
498,-0.5962671067780754,False,0.683989559078356,False,True
499,-0.4447400766097695,False,0.5413891600829566,False,True
500,0.406766703421246,False,0.259954378722231,False,True
501,0.2511644106062449,False,0.11351879547762989,False,True
502,-0.2567510141285289,False,0.36447474892594883,False,True
503,-0.5232169852265124,False,0.6152429039875459,False,True
504,-1.000803421968709,False,1.0646941758733806,False,True
505,-0.3201339517515529,False,0.42412372498325335,False,True
506,0.5176119609688429,False,0.36426961499049454,False,True
507,-0.1342897918107861,False,0.24922785769751446,False,True
508,-0.49263922059734,False,0.5864665105502551,False,True
509,-0.2479306204935407,False,0.35617397479839724,False,True
510,-0.9199839069678186,False,0.9886358312140775,False,True
511,-0.6055701077189443,False,0.6927445095617714,False,True
512,-0.5505476742114662,False,0.6409635107317332,False,True
513,-0.6685363255159632,False,0.752001315236065,False,True
514,-0.4651063720114325,False,0.5605556536591157,False,True
515,-0.6550474038217406,False,0.7393070413927952,False,True
516,-0.6097235658129021,False,0.6966532826747346,False,True
517,-1.063567141187008,False,1.1237604123925249,False,True
518,-0.6291065371560043,False,0.7148943809406524,False,True
519,-0.4453865250231506,False,0.5419975254787259,False,True
520,-1.2547656190948375,False,1.3036951686316294,False,True
521,-1.2536939347972835,False,1.3026866184854373,False,True
522,-0.6044570028603049,False,0.6916969789872632,False,True
523,-1.074827295396778,False,1.134357218000603,False,True
524,-0.6033578012607546,False,0.6906625326149021,False,True
525,-1.1597456112084337,False,1.2142728984129305,False,True
526,-0.5890174402692563,False,0.6771669787400961,False,True
527,-0.9814562393349224,False,1.0464867579628572,False,True
528,-0.9364612716388684,False,1.0041424954301883,False,True
529,-0.5360826010368851,False,0.6273505916116144,False,True
530,-1.1050473580602114,False,1.1627969821052977,False,True
531,-1.2702335561319276,False,1.3182518717536715,False,True
532,-1.1150997178048263,False,1.172257145805696,False,True
533,-0.8395608845086926,False,0.9129506212660631,False,True
534,-1.4425918716696922,False,1.4804563612006054,False,True
535,-0.7827837228538943,False,0.8595182673368166,False,True
536,-1.140951188870365,False,1.1965856770549999,False,True
537,-0.6448554463058462,False,0.7297155037859644,False,True
538,-1.7222532648918052,False,1.743642580931744,False,True
539,-1.25978025231303,False,1.3084143840543534,False,True
540,-1.5546533575570527,False,1.5859161764019292,False,True
541,-1.3264008425975613,False,1.3711102789407714,False,True
542,-1.0386608618960569,False,1.1003213905860818,False,True
543,-1.205307797529117,False,1.2571509640703618,False,True
544,-1.269680669542413,False,1.3177315563473946,False,True
545,-1.2863657757974474,False,1.3334337238524645,False,True
546,-1.224503484108678,False,1.275215810733004,False,True
547,-1.6360113344164595,False,1.662481261513962,False,True
548,-1.169324884326504,False,1.22328784556266,False,True
549,-1.2294320117747868,False,1.2798539931804944,False,True
550,-1.357389816442685,False,1.4002736567873793,False,True
551,-1.3473181251684294,False,1.3907953003999276,False,True
552,-1.46234846816657,False,1.4990490739338822,False,True
553,-0.9723236098082876,False,1.0378921421182206,False,True
554,-1.6341491882507202,False,1.6607288165150251,False,True
555,-1.718045517839505,False,1.7396827170852525,False,True
556,-1.8618372955600664,False,1.8750035562281733,False,True
557,-1.9466419632816123,False,1.954812283689752,False,True
558,-2.0023290207953712,False,2.007218752763431,True,True
559,-1.8781655757397608,False,1.890369918691338,False,True
560,-1.6056268875662776,False,1.633886797283535,False,True
561,-1.447404454741848,False,1.4849854294831797,False,True
562,-1.4861851922106308,False,1.52148154921998,False,True
563,-1.6759501203867837,False,1.7000672077866112,False,True
564,-1.112449942508304,False,1.1697634718116072,False,True
565,-1.0890328743612905,False,1.1477259300122493,False,True
566,-1.280060202882627,False,1.3274996194715547,False,True
567,-1.3432528725202808,False,1.386969536448775,False,True
568,-0.8930146504633145,False,0.963255364548296,False,True
569,-0.9073997594601036,False,0.9767930302720681,False,True
570,-1.301751671928362,False,1.347913219192228,False,True
571,-0.78972395248068,False,0.8660496400747372,False,True
572,-0.5924592142715173,False,0.6804059938876198,False,True
573,-0.8436524550856874,False,0.9168011527266825,False,True
574,-0.4215653405087334,False,0.5195796742707541,False,True
575,-0.8229378626773425,False,0.8973068807200574,False,True
576,0.1021860717730588,False,0.026683058512957495,False,True
577,0.1584342791498311,False,0.026251502441576514,False,True
578,-0.2148568842483356,False,0.32504865029625213,False,True
579,0.0402893662706878,False,0.08493335808878218,False,True
580,-0.7283326075103294,False,0.8082749296622622,False,True
581,-0.2961403647078678,False,0.40154362767678614,False,True
582,0.0113384212132391,False,0.11217876976154123,False,True
583,-0.1808459056093953,False,0.29304129742495344,False,True
584,0.3892366448519624,False,0.24345703601303934,False,True
585,0.8013751692401845,False,0.6313160071408751,False,True
586,-0.1298980423674982,False,0.2450948312519683,False,True
587,-0.0130045795940508,False,0.1350876964659659,False,True
588,0.3189932271750174,False,0.17735173865185602,False,True
589,0.7376145188085856,False,0.5713115697698458,False,True
590,-0.1098242506853017,False,0.2262036096656134,False,True
591,0.3318322025128732,False,0.1894343552242046,False,True
592,0.802329255975382,False,0.6322138875320122,False,True
593,-0.2412273993102458,False,0.34986564806467496,False,True
594,-0.1311864915682527,False,0.24630737643224948,False,True
595,0.1262393706929739,False,0.004046767025388039,False,True
596,0.0994919383066983,False,0.02921847748621356,False,True
597,0.5046692328350302,False,0.35208935781841993,False,True
598,0.3420819067614612,False,0.19908023763746138,False,True
599,-0.2502603299916555,False,0.35836643843742944,False,True
600,0.4537800018534088,False,0.3041980698119971,False,True
601,0.147295301488004,False,0.015768734731993105,False,True
602,0.7287969370352173,False,0.5630134418539202,False,True
603,0.1884780424943232,False,0.054525353222452215,False,True
604,0.2201753497862492,False,0.08435533577993962,False,True
605,0.6116022193030473,False,0.4527227993844012,False,True
606,0.7193883630864016,False,0.5541591377895655,False,True
607,0.6686584593521334,False,0.5064177908795806,False,True
608,0.0739582384316257,False,0.05324795781041598,False,True
609,0.787280485244076,False,0.6180516571478298,False,True
610,0.3617024304996885,False,0.21754489381439696,False,True
611,0.7876200235848896,False,0.6183711928954814,False,True
612,0.3328843372889998,False,0.19042450753370302,False,True
613,0.9338079742034392,False,0.7559470436421771,False,True
614,0.593822901633876,False,0.4359908817148362,False,True
615,0.48198894795212,False,0.33074519453586915,False,True
616,1.1061672296118474,False,0.9181524175908968,False,True
617,0.983300969954002,False,0.8025243502367077,False,True
618,0.738344178720504,False,0.5719982445793165,False,True
619,1.3620978343618253,False,1.1590058568217962,False,True
620,0.7909159228832223,False,0.6214729269852267,False,True
621,0.9211140822257522,False,0.7440009634028162,False,True
622,0.9725361346479348,False,0.7923936837275053,False,True
623,0.6785283158214138,False,0.5157062027819548,False,True
624,0.9708628065040972,False,0.7908189332641958,False,True
625,0.62761153453688,False,0.46778898749256875,False,True
626,0.6159688587713643,False,0.4568321951124072,False,True
627,1.094550544273515,False,0.9072200845120381,False,True
628,0.31528456700003,False,0.17386155990220237,False,True
629,-0.1582390613720484,False,0.2717662483152876,False,True
630,0.9845543201265494,False,0.8037038641127977,False,True
631,1.2004663998364882,False,1.006896315521403,False,True
632,0.2484086740418121,False,0.11092540251547757,False,True
633,-0.27559241028113,False,0.3822061768171112,False,True
634,0.1501384834985895,False,0.0184444216287514,False,True
635,0.0987635618899621,False,0.0299039444126758,False,True
636,0.073624330010043,False,0.05356219530383699,False,True
637,-0.2518055950781169,False,0.35982067018498165,False,True
638,0.2142313177015922,False,0.0787614734441434,False,True
639,0.1631862457561937,False,0.03072352524389405,False,True
640,-0.4690661117781215,False,0.5642821206136956,False,True
641,0.1708608970487122,False,0.03794605402472018,False,True
642,0.5674861465802628,False,0.41120565511389345,False,True
643,0.0027156131811274,False,0.12029359828074397,False,True
644,-0.1417932171775089,False,0.25628924766825695,False,True
645,-0.0662994885660768,False,0.18524294121268195,False,True
646,0.1860209344623361,False,0.052212996243324615,False,True
647,-0.4849005369699696,False,0.5791837216528786,False,True
648,0.1235167449450938,False,0.006608999767174167,False,True
649,0.003201420723069,False,0.11983641021839694,False,True
650,0.7261657357521454,False,0.5605372476568421,False,True
651,0.1753892561263821,False,0.04220764227437381,False,True
652,0.7871219302459403,False,0.6179024428065221,False,True
653,0.0169485991787695,False,0.10689909381572987,False,True
654,0.5866607275663066,False,0.4292506395377443,False,True
655,0.5687214904695999,False,0.41236822347757307,False,True
656,0.2735588264818429,False,0.1345939306240266,False,True
657,0.6468248226104872,False,0.48587039872505133,False,True
658,1.0137477086319244,False,0.8311774366118444,False,True
659,0.6054887740951316,False,0.44696950424678134,False,True
660,0.2432356934312225,False,0.10605716812689231,False,True
661,0.7887687193709806,False,0.6194522176950762,False,True
662,0.5611355925424641,False,0.40522921949956076,False,True
663,0.7613475916637549,False,0.593646500077494,False,True
664,0.8660310232112092,False,0.6921629105838814,False,True
665,0.3996040881553073,False,0.2532137213382718,False,True
666,0.4419474569826289,False,0.2930625937333726,False,True
667,1.0815263402682338,False,0.8949631513055489,False,True
668,0.7857656929233646,False,0.6166261029804401,False,True
669,0.1748640496681948,False,0.04171337633113397,False,True
670,1.178197474846053,False,0.9859392784481662,False,True
671,1.0204654388065777,False,0.8374994175956,False,True
672,0.7190189625961871,True,0.553811499105991,False,False
673,0.5575092603006899,True,0.4018165186501314,False,False
674,1.240549440590446,True,1.044618018362899,False,False
675,1.1536717121979403,True,0.9628583566126184,False,False
676,1.3191025540753922,True,1.1185434778194867,False,False
677,0.8592609171817598,True,0.6857916392670191,False,False
678,0.9540304642430064,True,0.7749782035950894,False,False
679,1.6488103640029113,True,1.428827822436687,False,False
680,0.2735783109181689,True,0.13461226720985695,False,False
681,2.6958769782307894,True,2.4142105412678534,True,False
682,3.0411931924110056,True,2.7391837811378936,True,False
683,0.8215029954304661,True,0.6502580800004575,False,False
684,-0.5675918761752806,True,0.6570036192054388,False,False
685,3.230780803952669,True,2.917602568996384,True,False
686,1.1069109005308222,True,0.9188522780029256,False,False
687,5.360776950535287,True,4.922118199138233,True,False
688,-1.1006003624835348,True,1.158611964139457,False,False
689,-6.323184399685281,True,6.073527584572088,True,False
690,-1.4776868904806886,True,1.5134838921938574,False,False
691,-3.8932958476303767,True,3.7867865545887853,True,False
692,4.170098406109078,True,3.801583893662528,True,False
693,7.559867607202479,True,6.991657902513142,True,False
694,7.897972532174233,True,7.30984467849449,True,False
695,8.633609909747491,True,8.002144814261406,True,False
696,4.532531423946115,True,4.142665566650259,True,False
697,-3.7824512481583854,True,3.6824719376281383,True,False
698,-1.3083074750540244,True,1.3540828124352051,False,False
699,1.5348497313159486,True,1.3215807413523504,False,False
700,4.312161319724883,True,3.935277718068386,True,False
701,-4.983450116909103,True,4.812718585283336,True,False
702,-7.276826696816321,True,6.970989719999196,True,False
703,-5.3420089817232,True,5.150154336046981,True,False
704,7.698905036504315,True,7.122504477356681,True,False
705,-5.761390220439442,True,5.544829344893223,True,False
706,2.6506988998038215,True,2.371693955267486,True,False
707,-2.7471446245399003,True,2.7081564148689794,True,False
708,7.358498676202328,True,6.802151846240517,True,False
709,0.2026086476196351,True,0.06782350818977227,False,False
710,-0.8096409432031179,True,0.8847932980257486,False,False
711,-1.216121008503957,True,1.2673271563821948,False,False
712,-1.8891324149403728,True,1.9006906888139268,False,False
713,7.472010136761674,True,6.9089762164425474,True,False
714,-4.90567352112832,True,4.73952389798217,True,False
715,11.559292079322551,True,10.755471691002331,True,False
716,-10.96399138651936,True,10.440939308065358,True,False
717,-9.366592475908956,True,8.937644999750551,True,False
718,-5.620384842858984,True,5.412130755861706,True,False
719,-6.921788414691651,True,6.636867150360074,True,False
720,-0.5345359370810527,True,0.6258950434036906,False,False
721,-11.80520794876753,True,11.232598837621808,True,False
722,-6.324339783593135,True,6.074614903488521,True,False
723,-1.7359731485776608,True,1.7565542105307692,False,False
724,-4.916537513779497,True,4.7497478803635325,True,False
725,1.6954938196050289,True,1.4727611021159084,False,False
726,6.322202717614701,True,5.8269052713701734,True,False
727,0.4652854106319962,True,0.3150256817608975,False,False
728,1.4843945726248653,True,1.2740979539398798,False,False
729,3.1737993304345937,True,2.863977939450104,True,False
730,-1.4244275946703762,True,1.4633621625966444,False,False
731,-2.2067402189116225,True,2.19958785270638,True,False
732,-1.70306716803796,True,1.7255867590530747,False,False
733,-0.640619736213416,True,0.7257293242341148,False,False
734,-0.7435712049791654,True,0.8226158038731054,False,False
735,-1.0407637049029246,True,1.1023003526991182,False,False
736,-1.098446371661991,True,1.1565848673881816,False,False
737,2.1606582672088943,True,1.9105221784935555,False,False
738,1.694781298636754,True,1.47209055657525,False,False
739,-0.2097366576369221,True,0.3202300621082343,False,False
740,0.2617100887458353,True,0.1234432156204408,False,False
741,0.5408370859064715,True,0.3861265211751218,False,False
742,-0.1278414268297421,True,0.24315937329480772,False,False
743,-0.7385835724549762,True,0.8179219985025269,False,False
744,-0.1005982619248023,True,0.21752113448667684,False,False
745,0.1057832159416962,True,0.023297826233793097,False,False
746,0.3148150360797755,True,0.173419689587087,False,False
747,-0.1069799820992523,False,0.22352690020479826,False,False
748,-0.4147545301288033,False,0.5131700965433925,False,False
749,-0.6160062045617885,False,0.7025658039677345,False,False
750,-0.3922802874126462,False,0.4920198372471881,False,False
751,-0.5352148464391082,False,0.6265339574326456,False,False
752,-0.8009004791025129,False,0.8765677446920177,False,False
753,0.0669990269440928,False,0.05979719416589187,False,False
754,-0.0626520219006615,False,0.18181035099275275,False,False
755,-0.3062847237967383,False,0.4110903709345321,False,False
756,-0.9695625348952948,False,1.0352937252957457,False,False
757,-0.4793301036216726,False,0.5739414489233059,False,False
758,-0.5818503069772725,False,0.6704220694921891,False,False
759,-0.6733722745042106,False,0.7565523729218091,False,False
760,-0.4573415256935983,False,0.5532482433453835,False,False
761,-0.6607651482319482,False,0.7446879469206321,False,False
762,-0.6409894155615903,False,0.7260772253478069,False,False
763,-0.675616154857243,False,0.7586640637091554,False,False
764,-0.7599730528457715,False,0.838051400066352,False,False
765,-1.3845590985163878,False,1.4258423652866166,False,False
766,-0.8034807126627207,False,0.878995973733254,False,False
767,-0.9665940914682524,False,1.0325001562762688,False,False
768,-1.14735450825565,False,1.2026117695496683,False,False
769,-0.2155961011983662,False,0.3257443191277566,False,False
770,-0.1519795606980655,False,0.26587550200665555,False,False
771,-0.2081063834732195,False,0.31869582926570006,False,False
772,-0.4801362148275749,False,0.5747000711933303,False,False
773,-0.0890465072443145,False,0.20664990692612317,False,False
774,-0.4260055719527192,False,0.5237583265867205,False,False
775,-0.3032217985870316,False,0.4082078861625933,False,False
776,-0.6268176910888114,False,0.7127403734209498,False,False
777,-0.1158936771611925,False,0.23191547926520845,False,False
778,-0.1557871557895591,False,0.26945878730338985,False,False
779,-0.5074537538145317,False,0.6004083026209878,False,False
780,-0.0796864995457427,False,0.1978413080184972,False,False
781,-0.0418023278595267,False,0.16218893634550846,False,False
782,0.5610873938620443,False,0.40518386025869607,False,False
783,0.3223254004524278,False,0.18048760977895953,False,False
784,0.0817088552841421,False,0.045953938687876075,False,False
785,0.1686897887904327,False,0.03590284824454365,False,False
786,0.1144222801335237,False,0.015167699223891816,False,False
787,0.038650616678232,False,0.08647556706283904,False,False
788,-0.2354687481409831,False,0.3444462456418857,False,False
789,0.025322178114355,False,0.09901881202107142,False,False
790,-0.1797338769830109,False,0.29199477968062365,False,False
791,-0.3648769227756309,False,0.4662308362569729,False,False
792,0.1230896355251242,False,0.0070109476812506835,False,False
793,0.0408264365230614,False,0.08442792726108123,False,False
794,-0.6636911131183014,False,0.7474415398589813,False,False
795,-0.2194545894088693,False,0.3293754993714771,False,False
796,0.0583018251339527,False,0.06798203384031781,False,False
797,0.0178906130101095,False,0.10601257509983436,False,False
798,-0.052221456955775,False,0.17199426259429254,False,False
799,-0.407967302620972,False,0.5067827123940809,False,False
800,-0.7313903948411495,False,0.8111525792336536,False,False
801,-0.858855014965473,False,0.931108112364187,False,False
802,-0.4830250024826344,False,0.5774186770537297,False,False
803,-0.5213474641040834,False,0.6134835184990783,False,False
804,-0.293120062210335,False,0.39870125466415207,False,False
805,-0.3885156790327754,False,0.48847700626558227,False,False
806,-0.7920594250302478,False,0.8682475272572502,False,False
807,-1.1540687207180698,False,1.2089304400536536,False,False
808,-0.8994904249448826,False,0.969349643726408,False,False
809,-0.7562309824311211,False,0.8345297793125808,False,False
810,-0.8946613314199392,False,0.96480503764076,False,False
811,-1.0154775995853036,False,1.0785038808529575,False,False
812,-0.7703230466016853,False,0.8477916638170099,False,False
813,-0.9981404462753048,False,1.0621880791329332,False,False
814,-1.033594086606715,False,1.095553104841435,False,False
815,-0.7482577393103668,False,0.8270262490906528,False,False
816,-0.957998605088226,False,1.0244110398592847,False,False
817,-0.7599785799575081,False,0.8380566015695957,False,False
818,-0.7480732033972692,False,0.8268525843998878,False,False
819,-1.1705918948305438,False,1.2244802150244434,False,False
820,-0.9746086419352928,False,1.0400425603813273,False,False
821,-0.4038891040351012,False,0.5029447651652486,False,False
822,-1.193020354825033,False,1.2455873887116335,False,False
823,-1.4933194742675815,False,1.5281955425367955,False,False
824,-1.4359914128393465,False,1.4742447429717354,False,False
825,-0.8933020231826109,False,0.9635258078110363,False,False
826,-0.9229823048642856,False,0.9914575900508226,False,False
827,-1.0033737493867565,False,1.067113082354655,False,False
828,-0.6451019284581312,False,0.7299474653919039,False,False
829,-1.85757876203858,False,1.8709958978016554,False,False
830,-0.9879308037320272,False,1.0525798983439698,False,False
831,-0.6932416437938314,False,0.77525121487324,False,False
832,-1.558182838589843,False,1.5892377316581996,False,False
833,-1.3942958954662763,False,1.435005556358527,False,False
834,-1.5680742891224122,False,1.5985464654928223,False,False
835,-1.6726504153354265,False,1.696961892145118,False,False
836,-1.5635368467560948,False,1.5942763290614754,False,False
837,-1.096750019625076,False,1.1549884493957476,False,False
838,-1.029991202577327,False,1.0921624708433015,False,False
839,-1.7339434593668153,False,1.754644092639712,False,False
840,-1.1082550341626909,False,1.1658156903288637,False,False
841,-1.7093523006569806,False,1.7315016272994583,False,False
842,-1.2268873812547278,False,1.2774592697634695,False,False
843,-1.805861316990393,False,1.8223251867694221,False,False
844,-1.7546615285478546,False,1.774141636598364,False,False
845,-1.6911442180358291,False,1.7143662037130962,False,False
846,-0.844269317467447,False,0.9173816750378931,False,False
847,-1.5298094967382825,False,1.5625358959238667,False,False
848,-1.9747489936540197,False,1.9812634966596705,False,False
849,-1.4394985976028132,False,1.4775453154574854,False,False
850,-1.79695163494909,False,1.8139403843179998,False,False
851,-1.7845941961362206,False,1.8023109364015515,False,False
852,-1.3060628852029288,False,1.3519704539471404,False,False
853,-1.5027842399838127,False,1.5371027280470864,False,False
854,-1.35540701882005,False,1.398407668047279,False,False
855,-1.3560737229275022,False,1.3990350958509452,False,False
856,-1.1761035031969955,False,1.229667128219333,False,False
857,-1.0630774774409095,False,1.1232995952994316,False,False
858,-1.6830207918644733,False,1.7067213378963613,False,False
859,-0.8124014245150639,False,0.887391156216895,False,False
860,-1.217688675251238,False,1.2688024700830294,False,False
861,-1.2678958710196673,False,1.3160519023530726,False,False
862,-0.7673473680931822,False,0.844991285943021,False,False
863,-0.6427349947060319,False,0.7277199704223916,False,False
864,-0.7984583665049733,False,0.8742694997490922,False,False
865,-0.2687045488059187,False,0.3757240871628812,False,False
866,-0.8540223788701351,False,0.9265601724050305,False,False
867,-0.5130226103931621,False,0.6056490914702034,False,False
868,-0.5124914739548393,False,0.6051492448887607,False,False
869,-0.3037578660478218,False,0.4087123732743134,False,False
870,-0.1655165766484494,False,0.2786150368182841,False,False
871,-0.5173988757093542,False,0.6097675459763437,False,False
872,0.0302707666885966,False,0.09436175047655941,False,False
873,-0.1457500782434759,False,0.2600130055096766,False,False
874,-0.7149240993481775,False,0.7956563320976421,False,False
875,-0.7219492245369548,False,0.8022675991026084,False,False
876,-0.1286410110986331,False,0.24391185313716754,False,False
877,-0.1844825456852004,False,0.2964636988620862,False,False
878,-0.1442264907837027,False,0.25857917433495664,False,False
879,-0.1174313015090617,False,0.2333625203988441,False,False
880,-0.0371041438111022,False,0.1577675277089437,False,False
881,0.1847875711565038,False,0.05105229178470347,False,False
882,-0.4257264221132443,False,0.5234956217845186,False,False
883,-0.4342539796843661,False,0.5315208111566557,False,False
884,-0.397629723697794,False,0.49705413210412047,False,False
885,0.0339341449697807,False,0.09091418601239953,False,False
886,0.3419328581635257,False,0.19893996966341276,False,False
887,-0.1351701574389803,False,0.25005635997663184,False,False
888,-0.7257547798981463,False,0.8058489648318926,False,False
889,-0.4511854350043059,False,0.5474548150206159,False,False
890,-0.1500690367746744,False,0.2640775292392673,False,False
891,-0.0233882437717386,False,0.1448596470752258,False,False
892,0.0693022794067254,False,0.05762962894803119,False,False
893,0.2544874247567101,False,0.11664604705246351,False,False
894,0.2029731056234554,False,0.06816649555449603,False,False
895,0.6665511238845873,False,0.5044346009618776,False,False
896,0.2049571484307676,False,0.07003365612401563,False,False
897,0.2048688239873225,False,0.06995053497485614,False,False
898,0.661803946755807,False,0.4999670854835239,False,False
899,0.1097702161648927,False,0.01954570476747079,False,False
900,0.7364134272636534,False,0.5701812359056692,False,False
901,0.6950462272042925,False,0.5312510250565871,False,False
902,0.659619965632462,False,0.4979117651935301,False,False
903,1.213853125116104,False,1.019494413458086,False,False
904,0.5774195725326473,False,0.42055389154819783,False,False
905,1.401446503362261,False,1.1960364505922119,False,False
906,0.7270739966905798,False,0.561392001901473,False,False
907,0.4146745291311299,False,0.2673963453480072,False,False
908,0.8133807752598903,False,0.6426143491376135,False,False
909,0.455693648995307,False,0.3059989818055074,False,False
910,0.5308974643659814,False,0.3767724541419145,False,False
911,0.8454129001594617,False,0.6727594248133907,False,False
912,0.8553689537860008,False,0.6821289558996075,False,False
913,0.4575944245696591,False,0.3077877805102814,False,False
914,0.8899647576900888,False,0.7146866813087961,False,False
915,0.8853583040417473,False,0.7103515991292161,False,False
916,0.9092482731746816,False,0.7328341827749212,False,False
917,0.574434662013773,False,0.41774482553215925,False,False
918,0.7600696380287143,False,0.5924438321571103,False,False
919,-0.2783746482028512,False,0.38482450991119277,False,False
920,0.1259402718778163,False,0.004328245586230598,False,False
921,-0.1015003129591499,False,0.2183700446597945,False,False
922,0.1346803774748499,False,0.0038969703637854575,False,False
923,-0.1280701368006622,False,0.2433746096989741,False,False
924,-0.0568574682668299,False,0.1763571611607682,False,False
925,0.5133662431295414,False,0.3602740172596224,False,False
926,-0.1395804539253675,False,0.2542068408376919,False,False
927,0.0056494921392742,False,0.1175325574976491,False,False
928,-0.2099365835963609,False,0.3204182102000555,False,False
929,-0.1309164561263193,False,0.2460532490879741,False,False
930,-0.1566406884826931,False,0.2702620374064331,False,False
931,-0.0202099535578473,False,0.14186859358384107,False,False
932,0.2070017189103384,False,0.0719577786111862,False,False
933,0.3717826647382998,False,0.22703128989037394,False,False
934,-0.0018503171117738,False,0.12459054438223946,False,False
935,0.1167355401268044,False,0.012990716030493751,False,False
936,-0.3646321528411332,False,0.4660004860001067,False,False
937,0.0003009237002038,False,0.12256603563431208,False,False
938,0.3591167696082588,False,0.21511155717224717,False,False
939,0.3905021448164483,False,0.2446479839228869,False,False
940,0.2501406608124341,False,0.1125553559585769,False,False
941,0.5097231485908171,False,0.35684554159938536,False,False
942,0.4483323487167493,False,0.299071344170946,False,False
943,0.7176281413634585,False,0.5525026127475763,False,False
944,0.4989617060834288,False,0.34671806801519967,False,False
945,0.3573758782265683,False,0.21347322369893237,False,False
946,0.6133153528590118,False,0.45433501027734624,False,False
947,-0.3222393735535765,False,0.42610511397166484,False,False
948,0.7115650408799186,False,0.5467966964688659,False,False
949,-0.4630489311972021,False,0.5586194190434647,False,False
950,0.1440095247579617,False,0.012676526878428011,False,False
951,0.8208891669020292,False,0.6496804128147902,False,False
952,0.8477574839592134,False,0.6749658864918869,False,False
953,0.3699850319367008,False,0.2253395576992889,False,False
954,0.5147611449078673,False,0.3615867437740121,False,False
955,1.14521556176198,False,0.9549003676993949,False,False
956,0.591127002220906,False,0.4334538008289112,False,False
957,1.4088541484400947,False,1.2030077028007589,False,False
958,0.7332215325702023,False,0.5671773793902221,False,False
959,0.8530817064779452,False,0.6799764529543073,False,False
960,1.212571946971464,False,1.0182887109876624,False,False
961,0.7645441240536138,False,0.5966547210773333,False,False
962,0.4240550286075112,False,0.27622422883930464,False,False
963,0.6940281477588931,False,0.5302929218392157,False,False
964,0.7219255846411697,False,0.5565468887119441,False,False
965,0.3330475247534507,False,0.19057808143742103,False,False
966,0.6804009870195331,False,0.5174685527715401,False,False
967,0.5544918476069329,False,0.39897686519961767,False,False
968,1.080136309677581,False,0.8936550090115783,False,False
969,0.8447868454231285,False,0.6721702516797595,False,False
970,0.7870914428206506,False,0.6178737514304302,False,False
971,0.8834520260340738,False,0.7085576221457798,False,False
972,1.0312047165452405,False,0.8476060321630123,False,False
973,1.203436219633904,False,1.0096911798276955,False,False
974,0.7771905177292309,False,0.6085561011940875,False,False
975,0.8272139306144091,False,0.6556325774413603,False,False
976,1.5367126814938743,False,1.3233339429981932,False,False
977,1.14930860415764,False,0.9587522842721535,False,False
978,0.9166995633017244,False,0.7398465088527606,False,False
979,1.5435723969364092,False,1.3297895447348198,False,False
980,1.616898008328827,False,1.398795460243929,False,False
981,1.0837423562470785,False,0.8970486192409558,False,False
982,1.67331861663806,False,1.4518922657942213,False,False
983,1.8819816017419724,False,1.6482626750759097,False,False
984,1.8246958562602151,False,1.5943516985763773,False,False
985,1.9462945563012364,False,1.7087868797048626,False,False
986,1.3720959012957057,False,1.168414926163223,False,False
987,1.9209539237964908,False,1.684939092930722,False,False
988,1.7500825445505788,False,1.5241339426529346,False,False
989,1.7057463397816683,False,1.4824096345676647,False,False
990,2.1116453394212003,False,1.8643966585074865,False,False
991,2.2842007806744595,False,2.0267866607678804,True,False
992,2.358753200476979,False,2.0969471119963075,True,False
993,2.1852064294676143,False,1.9336241803529537,False,False
994,1.7188480573524458,False,1.4947395149265863,False,False
995,1.8098169398308104,False,1.580349316182321,False,False
996,1.87820444783958,False,1.644708037642906,False,False
997,1.621422120247281,False,1.4030530515393884,False,False
998,1.5549102804634358,False,1.340459500536907,False,False
999,1.6881626804470733,False,1.4658618487757349,False,False
1000,1.344466181897546,False,1.1424129052305076,False,False
1001,1.0617012083508832,False,0.8763059406520405,False,False
1002,1.0725904975567653,False,0.8865537293390511,False,False
1003,1.302943707689493,False,1.103336567610957,False,False
1004,1.0300560776607783,False,0.846525060912906,False,False
1005,1.0492615403185277,False,0.8645991077337559,False,False
1006,1.0689434580668118,False,0.8831215411291872,False,False
1007,0.6797994741255756,False,0.5169024756921969,False,False
1008,0.9478837803946932,False,0.7691936279435078,False,False
1009,0.7685263494116021,False,0.6004023489712345,False,False
1010,0.2239368825926192,False,0.0878952723736078,False,False
1011,0.9726037479705218,False,0.7924573138716956,False,False
1012,0.3414651987189971,False,0.1984998605732414,False,False
1013,-0.0467609879621223,False,0.1668554760930855,False,False
1014,0.1005332643532779,False,0.028238497151605153,False,False
1015,0.0779533479583192,False,0.04948820476896836,False,False
1016,0.3756773912517914,False,0.2306965735970827,False,False
1017,0.2586299378585691,False,0.12054451995536819,False,False
1018,0.2248424506674923,False,0.08874749239435899,False,False
1019,0.5005043324572247,False,0.34816981649967654,False,False
1020,0.4080225785140492,False,0.26113626877262797,False,False
1021,0.3942197647371517,False,0.24814659458935817,False,False
1022,0.4166620172128991,False,0.26926674822691327,False,False
1023,0.4729013008491547,False,0.32219291114872145,False,False
1024,-0.3508437957279928,False,0.453024416821948,False,False
1025,0.1639623658297451,False,0.031453923193578925,False,False
1026,-0.3915459055185197,False,0.49132871863289784,False,False
1027,0.2593175022135129,False,0.12119157910541621,False,False
1028,0.2292440445925595,False,0.09288978337196963,False,False
1029,0.5220948205013549,False,0.3684883841253908,False,False
1030,0.5378437121684925,False,0.3833094905179246,False,False
1031,0.2106171791284645,False,0.07536024792035251,False,False
1032,-0.0370310837769203,False,0.15769877172518698,False,False
1033,0.2170829656871502,False,0.08144512757557672,False,False
1034,-0.1329606398870821,False,0.2479770076383853,False,False
1035,-0.0252931216539744,False,0.1466523064162201,False,False
1036,0.217054112254043,False,0.08141797393131336,False,False
1037,-0.3029733908728421,False,0.40797411243181003,False,False
1038,0.0470544435566525,False,0.0785668192663572,False,False
1039,-0.0517000333831388,False,0.17150355668247638,False,False
1040,-0.6019300458000214,False,0.6893188878662242,False,False
1041,-0.0831806074980922,False,0.2011295740630742,False,False
1042,-0.2238739048357787,False,0.333534467856927,False,False
1043,-0.4581495357122705,False,0.5540086525669392,False,False
1044,-0.7688669495872726,False,0.846421347148092,False,False
1045,-0.844549500735315,False,0.917645352388036,False,False
1046,-0.7889648748941249,False,0.8653352806195891,False,False
1047,-0.4992041254112093,False,0.5926446692905457,False,False
1048,-0.9757140621386104,False,1.041082859012374,False,False
1049,-0.5769647534969187,False,0.6658243295718727,False,False
1050,-1.091650680228034,False,1.1501895179323418,False,False
1051,-0.7826872210514859,False,0.859427450566291,False,False
1052,-0.6822412538603231,False,0.7648988705299179,False,False
1053,0.0333483740453816,False,0.09146544849966953,False,False
1054,-1.090057796144516,False,1.1486904724774762,False,False
1055,-0.2039479155431589,False,0.3147823414518259,False,False
1056,-0.5618662081073987,False,0.6516152568116912,False,False
1057,-0.4380228441037306,False,0.5350676474495863,False,False
1058,-0.4745623746529311,False,0.5694545923374592,False,False
1059,-0.3204453248015019,False,0.42441675468963524,False,False
1060,-0.4399368119894155,False,0.5368688612914989,False,False
1061,0.1051002109768858,False,0.023940594592610793,False,False
1062,-0.4038531851091063,False,0.5029109622643886,False,False
1063,0.1372220604342161,False,0.006288919864299305,False,False
1064,-0.3322628644308435,False,0.435538109502808,False,False
1065,-0.0957057033080842,False,0.21291680211061534,False,False
1066,-0.3412256552010643,False,0.44397289198700335,False,False
1067,0.170450790903507,False,0.03756010770298623,False,False
1068,0.5156614143249239,False,0.36243397728695714,False,False
1069,0.100823987483867,False,0.027964900854144895,False,False
1070,0.099860945472649,False,0.028871208955719138,False,False
1071,-0.1481646020625008,False,0.26228528696067843,False,False
1072,0.1366932690254479,False,0.005791280164029808,False,False
1073,-0.2613942608378428,False,0.36884445664507187,False,False
1074,-0.0548477437814001,False,0.17446583185024983,False,False
1075,0.2813086751453687,False,0.14188722681247065,False,False
1076,0.5951631037149617,False,0.4372521309538995,False,False
1077,1.0207401288920472,False,0.8377579253730212,False,False
1078,-0.0265995658427946,False,0.14788178647917688,False,False
1079,0.5449293078955564,False,0.38997766567239783,False,False
1080,0.1467907214266725,False,0.015293880060908517,False,False
1081,-0.0171277369050006,False,0.13896795384980806,False,False
1082,0.1088288641574148,False,0.020431600648307145,False,False
1083,-0.0543322504811991,False,0.17398070685171677,False,False
1084,-0.0934672672693133,False,0.2108102349067319,False,False
1085,-0.3034454938482488,False,0.4084184032793581,False,False
1086,-0.6544036668940351,False,0.7387012277459699,False,False
1087,-0.7507833623321141,False,0.829403084762896,False,False
1088,-0.1422532845369858,False,0.2567222119318163,False,False
1089,-0.4687725320654011,False,0.5640058360186343,False,False
1090,-0.608439864760841,False,0.6954452059242605,False,False
1091,-0.4666641346855879,False,0.5620216467471343,False,False
1092,-0.2656670644627957,False,0.37286554450689097,False,False
1093,-0.4800214746180996,False,0.5745920904612205,False,False
1094,-0.7558624638456456,False,0.8341829705797253,False,False
1095,-0.2110384878085433,False,0.3214551999710383,False,False
1096,-0.120202818652632,False,0.2359707642881141,False,False
1097,-0.4561088541077336,False,0.552088189856713,False,False
1098,-0.3188503450691409,False,0.422915737043004,False,False
1099,-0.2413862629276679,False,0.3500151528441528,False,False
1100,-0.2752239668952648,False,0.38185943885377066,False,False
1101,-0.4283508577445801,False,0.5259654489021657,False,False
1102,-0.4303117882004027,False,0.5278108586953356,False,False
1103,-0.4509681952104488,False,0.5472503730722237,False,False
1104,-0.9338617474585044,False,1.0016961122013588,False,False
1105,-0.3939067922128848,False,0.4935505227837841,False,False
1106,-1.012898634775251,False,1.0760768458183496,False,False
1107,-0.8499791638655956,False,0.9227551478346214,False,False
1108,-0.2301613360318204,False,0.33945149926852264,False,False
1109,-0.3836599452556523,False,0.48390732933557123,False,False
1110,-0.2094277096222258,False,0.3199393145754964,False,False
1111,-0.7629283728062747,False,0.8408326187377583,False,False
1112,-1.0590246538099906,False,1.1194855281578457,False,False
1113,-0.8236835047100282,False,0.8980085961252271,False,False
1114,-0.7653965951270352,False,0.8431554352501577,False,False
1115,-0.8228242345346858,False,0.8971999465416343,False,False
1116,-0.5626410804914683,False,0.6523444805747127,False,False
1117,-1.0725520178140684,False,1.1322159796303974,False,False
1118,-0.9245316612112388,False,0.9929156720380178,False,False
1119,-1.3964556385617142,False,1.4370380665106424,False,False
1120,-1.0373415469352594,False,1.0990797979830897,False,False
1121,-1.245905504106009,False,1.295357013180759,False,False
1122,-1.5469238864429111,False,1.5786420572980588,False,False
1123,-1.4674624005458392,False,1.503861738690192,False,False
1124,-1.5251108520613617,False,1.5581140537949587,False,False
1125,-1.621271878858079,False,1.648610124191034,False,False
1126,-1.075243308530606,False,1.1347487233234836,False,False
1127,-1.6975274324075516,False,1.7203733756036146,False,False
1128,-1.7963810846430768,False,1.813403445785026,False,False
1129,-2.4005715868983373,False,2.3820003924494775,True,False
1130,-2.079775588583768,False,2.0801028543998377,True,False
1131,-1.9219446755939489,False,1.9315699415515002,False,False
1132,-2.071046383715687,False,2.0718878970043266,True,False
1133,-1.4633912696778315,False,1.5000304428118556,False,False
1134,-1.930098125077296,False,1.9392430619724752,False,False
1135,-1.4868264013664718,False,1.522084984008881,False,False
1136,-1.8377256517465752,False,1.852312357011639,False,False
1137,-1.8183583229344644,False,1.8340859797572675,False,False
1138,-1.820311843575814,False,1.8359244162566353,False,False
1139,-1.7481376792817938,False,1.768002114776463,False,False
1140,-1.1814428394834884,False,1.2346919180801175,False,False
1141,-2.3338404456975814,False,2.3192004593281292,True,False
1142,-2.173344683255396,False,2.168159686365672,True,False
1143,-1.6658655563353495,False,1.690576736972052,False,False
1144,-1.424822145292285,False,1.4637334697888038,False,False
1145,-1.1458081441581751,False,1.2011565035351022,False,False
1146,-1.1331361111821434,False,1.189230994558533,False,False
1147,-1.3122793602392042,False,1.3578207093077397,False,False
1148,-0.8140735217236489,False,0.88896474826076,False,False
1149,-0.7354005356769593,False,0.8149264780725541,False,False
1150,-0.9167737703856536,False,0.9856148074605068,False,False
1151,-0.6144471992834342,False,0.701098641478756,False,False
1152,-0.7571640001634183,False,0.835407831899948,False,False
1153,-0.9481755719165016,False,1.0151666928402938,False,False
1154,-0.5166695245045249,False,0.6090811616876733,False,False
1155,-0.6449192407544185,False,0.729775540030389,False,False
1156,-0.6357275290564403,False,0.7211253226128992,False,False
1157,-0.1581795768719194,False,0.2717102681152994,False,False
1158,-1.304988425793814,False,1.350959292174393,False,False
1159,-0.970083767025012,False,1.0357842510427648,False,False
1160,-0.880869167181803,False,0.9518253856197063,False,False
1161,-0.6180166935641496,False,0.7044578527566147,False,False
1162,-0.5733286929196655,False,0.6624024734943673,False,False
1163,-0.939878275659066,False,1.007358199823707,False,False
1164,-0.7759329950220168,False,0.8530711237403934,False,False
1165,-0.7324158636705506,False,0.8121176365179383,False,False
1166,0.2691289543830063,False,0.13042502737230294,False,False
1167,0.0792410484996312,False,0.04827636414374311,False,False
1168,-0.576360380053443,False,0.6652555604612651,False,False
1169,-0.5510124590406089,False,0.6414009145534085,False,False
1170,-0.7726025263737409,False,0.8499368568207667,False,False
1171,-0.9823374375393076,False,1.0473160437701472,False,False
1172,-0.42263869536747,False,0.5205897965634533,False,False
1173,-0.6598221634903159,False,0.7438005144918832,False,False
1174,-0.3537674342115474,False,0.45577582040855635,False,False
1175,-0.7710619798296893,False,0.848487065640878,False,False
1176,-0.4771662230556199,False,0.5719050450437159,False,False
1177,-0.1566445019173968,False,0.2702656261873238,False,False
1178,-0.0394659491222281,False,0.1599901963598235,False,False
1179,0.0318804230600354,False,0.09284692080849488,False,False
1180,-0.430111046232242,False,0.5276219426668023,False,False
1181,0.2845102580088733,False,0.14490020075675958,False,False
1182,-0.148080711998073,False,0.2622063389561814,False,False
1183,0.3465788520330772,False,0.20331226270441238,False,False
1184,0.2181154132390952,False,0.0824167524578545,False,False
1185,-0.1282316883438276,False,0.2435266440554062,False,False
1186,0.2509231657655061,False,0.11329176264720536,False,False
1187,0.5131465624591439,False,0.36006727822952683,False,False
1188,0.6408091553556396,False,0.4802091213291175,False,False
1189,0.4626604384658352,False,0.31255534971630716,False,False
1190,1.006292226086787,False,0.8241611650960696,False,False
1191,0.8837902858413842,False,0.7088759546798037,False,False
1192,0.5316306835227966,False,0.3774624785170823,False,False
1193,0.8525384231967585,False,0.679465175114448,False,False
1194,1.217926477565406,False,1.023327800041814,False,False
1195,1.227421467872179,False,1.0322634295773456,False,False
1196,0.2635240094098381,False,0.12515027613727067,False,False
1197,0.3379036797071246,False,0.1951481547319891,False,False
1198,1.0368734501165586,False,0.8529408141367019,False,False
1199,0.2415113706673988,False,0.10443442719515893,False,False
1200,0.1225215473889554,False,0.007545569093629998,False,False
1201,0.3271760648574764,False,0.18505251597942035,False,False
1202,0.5472164444937841,False,0.3921300644299132,False,False
1203,0.3339198083529028,False,0.1913989778093809,False,False
1204,0.1094389177324547,False,0.019857486029201673,False,False
1205,0.0399616563468097,False,0.08524176224510902,False,False
1206,-0.0349984432722093,False,0.15578587640437164,False,False
1207,-0.1485846373999781,False,0.2626805775345774,False,False
1208,0.7376312054954633,False,0.5713272734248571,False,False
1209,0.0827596484194043,False,0.04496504898163963,False,False
1210,0.2035156213166235,False,0.06867705102582748,False,False
1211,-0.2605955788743235,False,0.3680928259522392,False,False
1212,-0.2154244369170977,False,0.32558276778622397,False,False
1213,-0.4130602986998319,False,0.5115756742314557,False,False
1214,-1.0267814840776124,False,1.0891418405424644,False,False
1215,-0.6693443893105415,False,0.7527617750655263,False,False
1216,-0.8158394837108567,False,0.890626675401461,False,False
1217,-0.9561509610909952,False,1.0226722426894734,False,False
1218,-0.6402151745039861,False,0.7253485957190844,False,False
1219,0.1235098124835455,False,0.006615523829460017,False,False
1220,-0.2719651509454022,False,0.3787926034898966,False,False
1221,0.1511264735566367,False,0.01937420805909673,False,False
1222,-0.0835098814185702,False,0.20143945007916708,False,False
1223,0.0631209734068959,False,0.06344678712046603,False,False
1224,-0.401669038107589,False,0.5008554858682961,False,False
1225,0.0702058871214538,False,0.056779253800359725,False,False
1226,0.1792534648726916,False,0.045844206050573946,False,False
1227,-0.162550728610149,False,0.2758239102902212,False,False
1228,0.2292713433274965,False,0.09291547390711546,False,False
1229,0.2823818427860662,False,0.14289717291636006,False,False
1230,-0.0020468692957099,False,0.12477551745154317,False,False
1231,-0.1254535066242529,False,0.24091212820794952,False,False
1232,-0.0978683607590091,False,0.21495205493019293,False,False
1233,0.3260225585237079,False,0.18396696402703003,False,False
1234,0.4369742204260962,False,0.2883823362474815,False,False
1235,0.1355387903248282,False,0.004704813128034982,False,False
1236,0.4109916749656315,False,0.2639304523462199,False,False
1237,0.5990114460518243,False,0.4408737630290345,False,False
1238,0.6332315272134201,False,0.47307789995350524,False,False
1239,0.928481091686364,False,0.7509339738849674,False,False
1240,0.8566516829002422,False,0.683336117970234,False,False
1241,0.1797287618911826,False,0.046291502776464086,False,False
1242,0.9882203685046232,False,0.8071539413753764,False,False
1243,0.3240163473851341,False,0.18207894108807404,False,False
1244,0.7948375282805975,False,0.6251635061099352,False,False
1245,0.4985829336869461,False,0.34636160953510614,False,False
1246,0.3509977174965545,False,0.2074708077342922,False,False
1247,-0.0706344668913311,False,0.1893225409918834,False,False
1248,0.4187542644362421,False,0.2712357387661876,False,False
1249,0.0033987916423344,False,0.11965066664640142,False,False
1250,0.7657181984730523,False,0.597759629425872,False,False
1251,0.9390245087525556,False,0.7608562661568072,False,False
1252,0.2582479721658742,False,0.12018505629980558,False,False
1253,0.6067493457133516,False,0.44815581414489514,False,False
1254,0.3233814531464868,False,0.18148144919735051,False,False
1255,0.3836605668417878,False,0.23820945115509568,False,False
1256,0.8423391715807217,False,0.6698667731112815,False,False
1257,0.6428440595046705,False,0.48212414694036904,False,False
1258,1.2272334901519124,False,1.0320865258402203,False,False
1259,0.6178462392825121,False,0.45859897698398816,False,False
1260,1.1253008539699576,False,0.9361588581887493,False,False
1261,0.9229248601039598,False,0.7457050662789672,False,False
1262,1.2051187138934685,False,1.0112745564203398,False,False
1263,0.9085437010631782,False,0.7321711178147631,False,False
1264,1.106775993840419,False,0.9187253188204134,False,False
1265,1.1675273504727883,False,0.9758977433420664,False,False
1266,1.0323378832140242,False,0.8486724426834149,False,False
1267,1.5620200481632978,False,1.3471504236655316,False,False
1268,1.6367704404518204,False,1.4174971845937052,False,False
1269,1.694923649426448,False,1.4722245213166238,False,False
1270,2.0488020134343436,False,1.805255504945842,False,False
1271,2.087952209652101,False,1.8420993181928869,False,False
1272,1.5996505462812962,False,1.3825640659712106,False,False
1273,1.8756527481285852,False,1.6423066614890927,False,False
1274,1.620068926596102,False,1.4017795760785294,False,False
1275,1.848707114093389,False,1.6169484256658535,False,False
1276,1.6869502513094423,False,1.4647208452294516,False,False
1277,2.3683422388056172,False,2.105971249076848,True,False
1278,1.996968117751676,False,1.756475203519593,False,False
1279,1.818073961101103,False,1.5881199068574592,False,False
1280,2.227448390557998,False,1.9733776190572303,False,False
1281,1.194654170232695,False,1.0014264910311244,False,False
1282,1.209181604609352,False,1.0150980975833663,False,False
1283,2.011487184532977,False,1.7701389354211203,False,False
1284,1.7427361051695505,False,1.5172202904433814,False,False
1285,1.7450305118458511,False,1.5193795309903304,False,False
1286,1.2117207516490502,False,1.017487660558149,False,False
1287,1.537929096076616,False,1.324478697202444,False,False
1288,2.0778528253629394,False,1.8325949002178057,False,False
1289,1.653750951497777,False,1.4334773542545878,False,False
1290,1.3860325437206376,False,1.1815305449953486,False,False
1291,1.1320943098865686,False,0.9425521038241345,False,False
1292,1.0752600834737425,False,0.8890660468872179,False,False
1293,0.4868228089938845,False,0.3352942872784531,False,False
1294,1.1378553382251688,False,0.9479737433744886,False,False
1295,1.2530079064985622,False,1.056342541752519,False,False
1296,0.4699534328131015,False,0.3194187054003473,False,False
1297,0.6924816490818181,False,0.528837529173288,False,False
1298,0.4972883397065509,False,0.345143281571202,False,False
1299,0.5141010594762587,False,0.36096554473240294,False,False
1300,0.7845313676508859,False,0.6154644932257312,False,False
1301,0.1134344529320136,False,0.01609733239176547,False,False
1302,0.8985258066902733,False,0.72274338909149,False,False
1303,0.9207027021046718,False,0.7436138181565871,False,False
1304,0.6037891617411155,False,0.445370018006267,False,False
1305,-0.0769006747153278,False,0.19521959932462782,False,False
1306,0.3594465306998926,False,0.2154218916596842,False,False
1307,1.0213463757593635,False,0.8383284575419219,False,False
1308,-0.1876526243490345,False,0.2994470245552475,False,False
1309,0.5360188627701808,False,0.3815921450910611,False,False
1310,0.2801562968750984,False,0.1408027364680638,False,False
1311,0.8678691327794299,False,0.6938927350088331,False,False
1312,0.4139210687301493,False,0.26668727216358773,False,False
1313,0.7244364702031382,False,0.5589098551250704,False,False
1314,0.7558317906123926,False,0.5884556411935716,False,False
1315,1.1155713686657385,False,0.9270025480250745,False,False
1316,0.4774397116359499,False,0.32646395894978486,False,False
1317,0.6195426324933196,False,0.46019543372471317,False,False
1318,0.0242352137105754,False,0.10004174210490269,False,False
1319,0.7844951689769486,False,0.6154304270572013,False,False
1320,0.1515723790593211,False,0.01979384475709322,False,False
1321,0.158881103500285,False,0.02667200385696632,False,False
1322,0.2632882405459356,False,0.12492839668760515,False,False
1323,-0.2599878289942371,False,0.36752087931477484,False,False
1324,0.2131999589449791,False,0.07779087321501549,False,False
1325,0.3681086243271768,False,0.223573691414581,False,False
1326,0.0975853613357952,False,0.03101273582061262,False,False
1327,-0.5355865674212752,False,0.6268837799053298,False,False
1328,-0.1640839024404434,False,0.27726676309137777,False,False
1329,0.0293293873048155,False,0.09524767212092955,False,False
1330,-0.8202371776472769,False,0.8947652961432299,False,False
1331,-0.6389844061294465,False,0.7241903333213766,False,False
1332,-0.108433985880208,False,0.22489524695504343,False,False
1333,-0.3393849571421407,False,0.4422406315623054,False,False
1334,-0.3391510110497261,False,0.4420204675025685,False,False
1335,0.0602129976197183,False,0.06618345071810859,False,False
1336,-0.383909892789651,False,0.4841425521736123,False,False
1337,-0.3454270957951235,False,0.4479268208959435,False,False
1338,0.2609457505547405,False,0.12272390546900133,False,False
1339,-0.6169269684875265,False,0.7034323246343441,False,False
1340,-0.7837103368889649,False,0.8603902934761068,False,False
1341,-0.3988208244070965,False,0.4981750637042553,False,False
1342,-0.369903314224326,False,0.47096111721935197,False,False
1343,-0.6262184490368753,False,0.7121764334057195,False,False
1344,-0.7373770240439216,False,0.8167865292424712,False,False
1345,0.3121629882769922,False,0.1709238769626878,False,False
1346,-0.2304973251692154,False,0.33976769490040054,False,False
1347,-0.4916748829571197,False,0.5855589831466694,False,False
1348,0.0625409000052503,False,0.06399268773258392,False,False
1349,-0.1832278102183297,False,0.2952828813009507,False,False
1350,-0.1638099194745707,False,0.27700892077632683,False,False
1351,0.1428369288157157,False,0.011573009908294445,False,False
1352,-0.3529496105295929,False,0.4550061756578801,False,False
1353,0.1980664258499541,False,0.0635488739151966,False,False
1354,0.7199451010810616,False,0.5546830777102928,False,False
1355,0.3348163574325619,False,0.19224271015427236,False,False
1356,0.1252477932436688,False,0.004979929509656944,False,False
1357,0.1226229937730732,False,0.007450099032375776,False,False
1358,0.1811868755326622,False,0.04766371727063502,False,False
1359,0.2500786500477578,False,0.11249699831918396,False,False
1360,0.2270660052884968,False,0.09084005486186801,False,False
1361,0.6214897950601996,False,0.462027886711072,False,False
1362,-0.1750758059387861,False,0.28761112094516517,False,False
1363,0.5940983903411471,False,0.4362501410663325,False,False
1364,0.2049002905824807,False,0.06998014783679633,False,False
1365,0.4084160239611907,False,0.2615065358971336,False,False
1366,-0.072369420608165,False,0.19095528659498973,False,False
1367,0.6293472872795018,False,0.4694224850499372,False,False
1368,0.5649748473602237,False,0.40884229941176803,False,False
1369,0.4361145945595405,False,0.2875733519268527,False,False
1370,-0.3518297870006517,False,0.4539523222176452,False,False
1371,0.3041013825215848,False,0.16333718965028013,False,False
1372,0.1290010221293576,False,0.0014478076431767258,False,False
1373,-0.521470559582059,False,0.6135993622812362,False,False
1374,-0.0932991746292744,False,0.21065204479694674,False,False
1375,-0.0206038361927547,False,0.1422392721408798,False,False
1376,-0.0041686591665141,False,0.1267723102470266,False,False
1377,-0.1552634127757247,False,0.2689658985913173,False,False
1378,-0.1544239596360742,False,0.26817589859911034,False,False
1379,0.1714209692554448,False,0.038473131735261935,False,False
1380,0.0729967375388018,False,0.054152815582648624,False,False
1381,-1.174280321038738,False,1.2279513518134992,False,False
1382,-0.4240171506828418,False,0.5218870454948882,False,False
1383,-0.3882979394941843,False,0.4882720940129915,False,False
1384,-0.8705143095204684,False,0.9420805445018756,False,False
1385,-0.3189827555171184,False,0.42304034703959525,False,False
1386,0.0280373002045989,False,0.09646364088784222,False,False
1387,-0.669647346199342,False,0.7530468844164676,False,False
1388,-0.2384010973468763,False,0.3472058467921871,False,False
1389,-0.6091595970424116,False,0.6961225379514759,False,False
1390,-0.5314571170726048,False,0.6229976002138383,False,False
1391,0.1165312466621848,False,0.013182974332755396,False,False
1392,-0.4885374426560572,False,0.5826063730528873,False,False
1393,-0.1893873366955016,False,0.3010795430073923,False,False
1394,-0.8957592209365325,False,0.9658382492264763,False,False
1395,0.21310987411329,False,0.07770609538410288,False,False
1396,-0.1815193034064311,False,0.2936750245852711,False,False
1397,-0.4399046723981927,False,0.5368386150804643,False,False
1398,-0.2418789647024907,False,0.3504788289922132,False,False
1399,-0.8737170635959701,False,0.9450946206607194,False,False
1400,-0.1392152169688919,False,0.25386312040930736,False,False
1401,-0.641319564874103,False,0.7263879251855856,False,False
1402,-0.6622470592248992,False,0.7460825568369998,False,False
1403,-0.8118188455925353,False,0.8868428976870036,False,False
1404,-0.9076897061932844,False,0.9770658959105819,False,False
1405,-0.5994733627088923,False,0.6870069307942013,False,False
1406,-0.8098849889685502,False,0.8850229667751798,False,False
1407,-0.7733892789790847,False,0.8506772609275989,False,False
1408,-1.0562513887992837,False,1.1168756393702972,False,False
1409,-0.9856808502123012,False,1.0504624921671468,False,False
1410,-1.351478417524722,False,1.3947105051609916,False,False
1411,-0.6420343198624893,False,0.727060573137668,False,False
1412,-1.864192778470817,False,1.8772202749385367,False,False
1413,-1.0949211175467355,False,1.153267290036885,False,False
1414,-1.1375888886917032,False,1.193421453836958,False,False
1415,-1.8726457667152523,False,1.8851752879485657,False,False
1416,-1.010529309558708,False,1.0738471002683072,False,False
1417,-1.4353632432219123,False,1.473653579547075,False,False
1418,-1.488992797388135,False,1.524123755155706,False,False
1419,-1.809262942753145,False,1.8255264188562828,False,False
1420,-1.910727994047164,False,1.9210140475819606,False,False
1421,-1.926541300506688,False,1.9358957740175675,False,False
1422,-1.7548718471299247,False,1.7743395650714953,False,False
1423,-1.450202232390841,False,1.4876183868413728,False,False
1424,-1.8051390726577012,False,1.8216454906788988,False,False
1425,-2.1127895621830284,False,2.1111719369420676,True,False
1426,-1.5632556419862909,False,1.5940116903872474,False,False
1427,-1.4975692907305265,False,1.5321949974366904,False,False
1428,-1.533776770021632,False,1.5662694525869985,False,False
1429,-1.4566476190829518,False,1.493684068409564,False,False
1430,-1.7065798451134857,False,1.7288925002924798,False,False
1431,-1.844964958236944,False,1.8591251876520203,False,False
1432,-1.7647746494948358,False,1.7836589819889943,False,False
1433,-1.9312169050519885,False,1.9402959333354393,False,False
1434,-1.3050857913763625,False,1.3510509218387796,False,False
1435,-1.3372088551058818,False,1.3812815790337112,False,False
1436,-1.381604235478707,False,1.4230615766201853,False,False
1437,-2.076091573093027,False,2.07663586848781,True,False
1438,-1.5065938208857614,False,1.5406878821679038,False,False
1439,-0.7430425033367078,False,0.8221182486509102,False,False
1440,-1.2300549007617672,False,1.2804401870626987,False,False
1441,-0.8787639948069281,False,0.9498442313644041,False,False
1442,-1.3655946013019378,False,1.4079950883583754,False,False
1443,-0.4835105601826566,False,0.5778756299926313,False,False
1444,-0.930303839010628,False,0.9983478042216355,False,False
1445,-0.7770967542116616,False,0.8541663245411586,False,False
1446,-0.1480813051833508,False,0.262206897196234,False,False
1447,-0.3767999388296278,False,0.47745145375762627,False,False
1448,-0.9132247189422246,False,0.9822748347089388,False,False
1449,-0.9916424191801588,False,1.0560728582682366,False,False
1450,-0.9058671210745334,False,0.9753506813719726,False,False
1451,-0.6510124850448298,False,0.7355098243097281,False,False
1452,-0.8316845774225284,False,0.9055383164657265,False,False
1453,-0.9142739234000004,False,0.983262229328502,False,False
1454,-0.3496780716924771,False,0.4519273669266361,False,False
1455,-0.8159099005486843,False,0.8906929439025928,False,False
1456,-0.0804590234274381,False,0.19856832163211371,False,False
1457,-0.7279471593897059,False,0.8079121887325953,False,False
1458,-0.1999245638831426,False,0.31099601005352767,False,False
1459,-0.6036783681639974,False,0.6909642145541336,False,False
1460,-0.3919643849735704,False,0.49172254498318874,False,False
1461,-0.8626028286490177,False,0.9346351380442935,False,False
1462,-0.860019497819971,False,0.9322039941978789,False,False
1463,-0.4190309948653777,False,0.5171946298365475,False,False
1464,-0.2080379436296559,False,0.3186314212918323,False,False
1465,-0.435184065019143,False,0.5323961040974046,False,False
1466,-0.7713657631439639,False,0.8487729527316206,False,False
1467,-0.7279127128951165,False,0.8078797715205178,False,False
1468,-0.6793588417841443,False,0.7621862646557336,False,False
1469,-0.7107837854120633,False,0.7917599288051053,False,False
1470,-0.0758156067823765,False,0.1941984539883528,False,False
1471,0.3007494474569293,False,0.16018272092548805,False,False
1472,0.0300751574195198,False,0.09454583617919984,False,False
1473,-0.5753073024180768,False,0.6642645208374464,False,False
1474,0.1110554544869955,False,0.01833618130929658,False,False
1475,0.1805886609921621,False,0.047100744234963354,False,False
1476,0.9140382456013758,False,0.7373419724310959,False,False
1477,-0.1023581422132496,False,0.2191773382084681,False,False
1478,0.2600312539540717,False,0.12186328291215148,False,False
1479,0.9236437539321768,False,0.746381609247078,False,False
1480,0.5731723863773526,False,0.416556912001512,False,False
1481,0.6246904774582952,False,0.46504001323740213,False,False
1482,0.4985697356698042,False,0.3463491890282943,False,False
1483,0.5625799074857035,False,0.4065884481926341,False,False
1484,0.6872850551519327,False,0.523947072553135,False,False
1485,0.1928358092962868,False,0.058626398983057985,False,False
1486,0.6724922791896222,False,0.5100257559924396,False,False
1487,-0.0371209158207865,False,0.15778331166029733,False,False
1488,0.4320539935597472,False,0.28375196559011473,False,False
1489,0.3398656245788937,False,0.19699451918069835,False,False
1490,0.0489823493074547,False,0.0767524886549504,False,False
1491,0.170702236684191,False,0.03779674052428166,False,False
1492,-0.0684533939671349,False,0.1872699575756904,False,False
1493,-0.2640401884718915,False,0.3713345096468974,False,False
1494,-0.1098752320732878,False,0.22625158768154946,False,False
1495,-0.3954608903150499,False,0.49501306718395194,False,False
1496,-0.0259331317481549,False,0.14725461278155869,False,False
1497,-0.5232198048475275,False,0.6152455575014525,False,False
1498,-0.0158961261364599,False,0.13780889868449625,False,False
1499,-0.6301628379644004,False,0.7158884538566803,False,False
