time,value,indicator,above_alarm_threshold,is_baseline
0,-1.1279988177088878,1.1849562299370775,False,True
1,0.3915156568941677,0.3671659304294392,False,True
2,-0.7958851360741555,0.8457156279935928,False,True
3,0.0401272363085115,0.008236967525244606,False,True
4,1.222460790769604,1.2159425481537973,False,True
5,0.2841768605559432,0.25752372086302594,False,True
6,0.1191315692602587,0.088936676536845,False,True
7,-0.3407058426849018,0.3807685149402663,False,True
8,0.0163436991099995,0.01605694724470531,False,True
9,0.4514139374852786,0.42834958496330033,False,True
10,-0.9530599629735884,1.0062633134285142,False,True
11,-0.5920863261183088,0.6375434424200223,False,True
12,-0.2004733365499721,0.23752672026593988,False,True
13,-0.7893496560549264,0.8390399012821852,False,True
14,-0.3147169051419189,0.35422187352351864,False,True
15,-0.7268485344912957,0.7751975506839689,False,True
16,-0.3463360012502313,0.3865194926516883,False,True
17,0.0245577825613038,0.0076665954810606835,False,True
18,-2.436390631626569,2.5214251894409223,False,True
19,-2.578794747689879,2.666885195227974,False,True
20,-1.4394133970943723,1.5030535418114481,False,True
21,-3.136350069714666,3.236405252725964,False,True
22,-1.0910728745605736,1.14723788265519,False,True
23,0.1442337550301934,0.1145775371264295,False,True
24,0.2632406264025411,0.23613821020995593,False,True
25,0.2072763294570512,0.17897295977618272,False,True
26,-0.6206923552265199,0.666763336301285,False,True
27,-0.9838400665796844,1.0377039358798923,False,True
28,-0.4798511718475396,0.5228998026078232,False,True
29,0.6489201760900482,0.63009416513861,False,True
30,-0.9341480825287112,0.9869455976559387,False,True
31,-1.5359981109206071,1.601710894003844,False,True
32,-2.1446341362392736,2.223407809883028,False,True
33,0.4209108930264791,0.3971919671488892,False,True
34,-0.2734023765842731,0.31202076495153946,False,True
35,-1.948870235101838,2.0234429564816887,False,True
36,-1.9117254708454887,1.9855010923484557,False,True
37,-0.6934517155992911,0.7410840601220783,False,True
38,-1.044404913497946,1.0995684607740015,False,True
39,-2.433482384543928,2.518454533471378,False,True
40,1.2763804448123834,1.2710192791214023,False,True
41,-0.5532628490866301,0.5978868415448707,False,True
42,-0.3000143212305531,0.3392037827551234,False,True
43,-0.1891727123786198,0.2259835928423519,False,True
44,-0.4100980743202205,0.45164985386703144,False,True
45,-1.82242601473102,1.894285334249046,False,True
46,0.622951767496045,0.6035684932072953,False,True
47,1.5079295952121348,1.5075373074497458,False,True
48,0.1043327840563072,0.07382032006544148,False,True
49,0.7223445561556435,0.7050941794956664,False,True
50,-1.759332149821711,1.8298375204600446,False,True
51,-1.4487789658479768,1.512620088922296,False,True
52,-2.4614059948974947,2.5469773643832276,False,True
53,1.2994509628103128,1.2945848738124794,False,True
54,-1.342625262071734,1.4041884031503455,False,True
55,0.9953936711108864,0.9840027317167357,False,True
56,-1.043815552923836,1.0989664529466252,False,True
57,0.1948168954077409,0.16624615524961742,False,True
58,-1.6484190965484071,1.716544352980098,False,True
59,-1.6214862028912356,1.6890334988311035,False,True
60,0.7383616694074906,0.7214550084570268,False,True
61,-0.4880179073236209,0.5312417903428124,False,True
62,-1.229609940360039,1.2887478540660753,False,True
63,0.2450917112082616,0.21759983237251382,False,True
64,-0.0424643960421113,0.07612702174556085,False,True
65,-1.5471858220639727,1.6131386853672225,False,True
66,-0.7875588848170887,0.8372107013838948,False,True
67,-0.5949107638172518,0.6404284905168818,False,True
68,-0.1096762085447587,0.14478115131613317,False,True
69,-1.2354718368726054,1.294735542654107,False,True
70,-2.518834987079471,2.6056387413579,False,True
71,-0.4328914445546314,0.47493235340327944,False,True
72,0.5165969057998732,0.49493133281139506,False,True
73,-0.3227432776202644,0.36242048617197686,False,True
74,-0.770590731795572,0.8198784240246639,False,True
75,-2.0749123694388345,2.1521898642039403,False,True
76,-0.1556616797175782,0.19175343756623564,False,True
77,0.4073621568476835,0.38335248485401885,False,True
78,-0.521248399320617,0.5651853847543716,False,True
79,-0.4040863268425668,0.44550909862017446,False,True
80,-1.9153993184798588,1.989253778105928,False,True
81,-2.1721566985313214,2.2515209865309274,False,True
82,-0.0356080527774567,0.06912354629467372,False,True
83,-2.2343843953040357,2.315084044839226,False,True
84,-0.8322244758234341,0.8828347837901688,False,True
85,0.375386293192553,0.35069044220453943,False,True
86,0.4776187500781018,0.45511673395291263,False,True
87,-0.6418746415241062,0.6884001792002645,False,True
88,-0.4035275979629354,0.44493837982136925,False,True
89,-0.3985871736077135,0.43989193751922695,False,True
90,-0.6192387124841792,0.6652784994330924,False,True
91,-0.3458784238329181,0.38605209595269957,False,True
92,-0.2906692253088528,0.3296581478084008,False,True
93,-1.0138043229630471,1.0683112036149829,False,True
94,-0.6868798684276161,0.7343711858453371,False,True
95,-1.7108432620352778,1.7803080960795965,False,True
96,-2.0973711930161945,2.1751306379529294,False,True
97,1.4330328908009204,1.431033373727473,False,True
98,0.7603084577627598,0.7438727590769976,False,True
99,0.1522877176883004,0.12280433202002726,False,True
100,1.0283540280044268,1.0176703941201606,False,True
101,0.4968985225624379,0.4748102364630351,False,True
102,-1.737085739016055,1.8071137177077898,False,True
103,-1.5517182494672233,1.6177683753967795,False,True
104,-0.1142210405989485,0.14942351219150085,False,True
105,-1.2492883314790555,1.3088485292795602,False,True
106,-1.5699628007684014,1.6364044416230654,False,True
107,0.3304818930522558,0.3048224259923689,False,True
108,0.5274088898942146,0.5059753342940012,False,True
109,0.1804467769007348,0.15156766435360688,False,True
110,-0.8307927260057875,0.8813723096530597,False,True
111,-0.1107220479740554,0.14584943370601994,False,True
112,0.5667902214483945,0.5462017608477538,False,True
113,-1.643704198609912,1.711728276729086,False,True
114,-0.0097158008830146,0.04267566533081925,False,True
115,1.2045626308699566,1.1976603066389324,False,True
116,1.3687465933091345,1.3653675386119628,False,True
117,0.975074875358628,0.9632479092480127,False,True
118,-0.3732515987692953,0.414012679499914,False,True
119,1.266589314018387,1.2610180377154072,False,True
120,0.2744762110344318,0.24761490239242867,False,True
121,-0.1053518481865382,0.14036399330047303,False,True
122,1.9103142006630864,1.918556796601971,False,True
123,0.1605818453079496,0.13127644564219496,False,True
124,-0.3178477590084541,0.35741991325814365,False,True
125,0.8902100895285683,0.8765619862619854,False,True
126,0.5960140551368573,0.5760527169504115,False,True
127,0.6813334992277179,0.6632030548359197,False,True
128,0.9644309147626972,0.9523755369270264,False,True
129,0.2555714394513991,0.22830444803275077,False,True
130,-0.1208131926282256,0.15615712705345797,False,True
131,1.0434797417170685,1.0331206947504876,False,True
132,0.8803947191002808,0.866535985056613,False,True
133,3.382158244086848,3.421985552684242,False,True
134,0.6884146333909722,0.670436145036121,False,True
135,1.5134236603614502,1.513149271278506,False,True
136,1.6098864142650593,1.6116820463762132,False,True
137,0.3408638576799494,0.3154271801004166,False,True
138,-0.3581768408448972,0.3986144281323307,False,True
139,-1.1812832217205873,1.2393840788656547,False,True
140,0.5182877109442322,0.4966584214158698,False,True
141,0.5690650231870789,0.5485253781926789,False,True
142,-2.126931327852973,2.205325111984229,False,True
143,0.4951927004152653,0.4730678086016867,False,True
144,0.5143166876075536,0.4926021827796425,False,True
145,-0.610062452965625,0.655905323997075,False,True
146,-0.0940285629130053,0.12879771848377974,False,True
147,-1.0268981304821432,1.0816859948089081,False,True
148,-0.4461755770812301,0.4885015538422326,False,True
149,-1.044072798987136,1.099229219325089,False,True
150,0.3084003110275907,0.2822669891279805,False,True
151,-0.1485057707517516,0.18444396795007661,False,True
152,-0.5774529283776003,0.6225960225076557,False,True
153,1.3843183396987484,1.3812734434591283,False,True
154,1.336459131148648,1.3323872107777197,False,True
155,1.7273635324783088,1.7316801389000858,False,True
156,-0.6257628526577774,0.6719426429539526,False,True
157,-1.7308997895860097,1.8007950222601614,False,True
158,-1.7748289732506954,1.8456668945538302,False,True
159,0.7795627925728085,0.7635402780386711,False,True
160,-1.3646242026931013,1.4266594251864673,False,True
161,-1.0341569039177272,1.0891005362922281,False,True
162,0.3490002258488341,0.3237381488676774,False,True
163,0.4519834877543508,0.42893135737076665,False,True
164,0.1694097343335817,0.14029377480552477,False,True
165,0.4730103954236049,0.4504094873280055,False,True
166,0.2841782369710411,0.2575251268150001,False,True
167,-1.179607727621884,1.2376726298708431,False,True
168,-2.1203668117113956,2.1986197260562093,False,True
169,-1.2498159586411162,1.3093874789403455,False,True
170,-0.7997030275173009,0.8496154486361884,False,True
171,0.1146084598804218,0.08431650448876996,False,True
172,-0.3738137955237764,0.4145869405916645,False,True
173,-0.436098951969526,0.4782086916161802,False,True
174,-0.90657849051293,0.9587843820603215,False,True
175,-2.011457035234907,2.087372824249709,False,True
176,-1.425891434350832,1.4892414074904623,False,True
177,-2.2899811713778915,2.3718738876682712,False,True
178,-1.8779503637354615,1.9510011957759532,False,True
179,-0.5217358583955368,0.5656833043498085,False,True
180,-0.8480090424325986,0.8989580758254524,False,True
181,-0.9240424746948104,0.9766231307593544,False,True
182,0.4821635304897865,0.45975904207756424,False,True
183,-0.0800711789051818,0.11454081907191511,False,True
184,-0.1999246512743112,0.23696626059960957,False,True
185,-0.1206377527461275,0.1559779223579004,False,True
186,0.9811473046876078,0.9694506485350018,False,True
187,1.3076592682253745,1.302969323547387,False,True
188,-0.6363849423943291,0.682792675082676,False,True
189,-1.612865796894074,1.6802281051325367,False,True
190,-2.007776341722592,2.0836131457066838,False,True
191,-1.303335812011425,1.3640558298011183,False,True
192,-0.5926974082249303,0.6381676379083465,False,True
193,0.8951698068521856,0.8816281355457237,False,True
194,-0.3239252337579363,0.36362780623672386,False,True
195,-0.0612208338612751,0.0952859592056767,False,True
196,-0.4179415319316469,0.45966162642732283,False,True
197,-0.941508719286907,0.994464188375378,False,True
198,-0.0496247744330302,0.08344105669745429,False,True
199,-1.3325162229644838,1.393862431347758,False,True
200,-1.5726531763713778,1.6391525507479752,False,True
201,-1.047908850299386,1.1031475895344955,False,True
202,-2.0923199772624756,2.1699710267487076,False,True
203,-0.6598073631558767,0.706717724117121,False,True
204,-0.0243102059402443,0.05758325580481514,False,True
205,0.5497879331168907,0.5288346156593792,False,True
206,0.1694577826926752,0.14034285424778395,False,True
207,-0.5323431168925467,0.5765181869712761,False,True
208,-0.491988428560375,0.5352975161044126,False,True
209,-0.6342903879193837,0.6806531729778957,False,True
210,-0.6562725818763332,0.7031070889782478,False,True
211,-0.5904425277800133,0.6358643693537991,False,True
212,0.1481712597000139,0.1185995378093592,False,True
213,1.190340217543365,1.1831326905700816,False,True
214,-0.0220505028814062,0.05527506114652678,False,True
215,0.8071903569548715,0.7917607100457795,False,True
216,0.7949705580780938,0.7792786830898841,False,True
217,-0.2925741529858127,0.3316039538607435,False,True
218,0.9499778333221166,0.9376123027726645,False,True
219,2.3433094278828466,2.360843789410176,False,True
220,-0.3400565413043567,0.3801052800199383,False,True
221,1.9019749636477823,1.9100386055690204,False,True
222,0.7717516480134243,0.7555615119452361,False,True
223,-0.4935637442529706,0.536906636936703,False,True
224,-0.5506059404723648,0.5951729175861357,False,True
225,0.3397353513373773,0.3142744568248598,False,True
226,-1.087027783696079,1.1431059870553684,False,True
227,-1.97353616812556,2.0486382026554613,False,True
228,-0.2866498773818716,0.3255525475709825,False,True
229,0.3744123039954327,0.349695551901041,False,True
230,0.1875532171033456,0.15882660364253545,False,True
231,1.9668202568006157,1.976275431989689,False,True
232,-0.8325212069621919,0.8831378825653595,False,True
233,-0.3275651704412011,0.36734585333851416,False,True
234,-1.8821009422107016,1.95524084267464,False,True
235,-1.2976715413872566,1.3582700080106538,False,True
236,0.2110089076824998,0.1827856364409007,False,True
237,-0.1041522927264875,0.13913869624456987,False,True
238,-0.978501091305028,1.032250390042754,False,True
239,-0.1614929169245254,0.19770980892204051,False,True
240,-0.7377062551838857,0.7862882702392673,False,True
241,-0.0808704158339273,0.11535720704927428,False,True
242,-0.1427617319805121,0.17857666624558033,False,True
243,-0.4137356147943999,0.45536545333881595,False,True
244,-0.7653358009496324,0.8145107261491257,False,True
245,0.3746435871267187,0.3499317982016771,False,True
246,-0.8110035148368242,0.8611584362712057,False,True
247,-0.3691673627533798,0.409840798721927,False,True
248,-0.4899856653245208,0.5332517750125754,False,True
249,-0.3733956043310205,0.4141597753172329,False,True
250,-0.3478308960178824,0.38804646678393107,False,True
251,0.4004764790413501,0.376319045363325,False,True
252,2.087287448514282,2.0993277628368485,False,True
253,-0.3486743631677909,0.38890803413112995,False,True
254,0.7601064823970594,0.7436664494654792,False,True
255,-0.0978238726593588,0.13267447284264108,False,True
256,-2.3164392134828273,2.3988997002928656,False,True
257,-0.7649109381364989,0.8140767460861503,False,True
258,1.381802574045097,1.3787036912872437,False,True
259,0.0421292387548277,0.010281931501548347,False,True
260,0.2194274505253474,0.19138483514731125,False,True
261,-0.1469775359279301,0.18288293830808072,False,True
262,0.1800198228328672,0.15113154815907767,False,True
263,0.9353583846059518,0.9226791312208575,False,True
264,-0.1300433534132942,0.1655853604383314,False,True
265,-1.2061499181109048,1.2647843966432133,False,True
266,-1.0774091758866244,1.1332809708528546,False,True
267,0.3101239804794751,0.2840276472843402,False,True
268,-1.9480612769037264,2.022616638623527,False,True
269,0.8659784970023969,0.8518104012198836,False,True
270,0.0585637750957574,0.027069141150715677,False,True
271,-0.0805197254541352,0.11499899110661611,False,True
272,-0.433647872265659,0.4757050135079539,False,True
273,0.241014116087042,0.21343473499803792,False,True
274,-1.3522391638940183,1.4140086123785949,False,True
275,0.0257848377530582,0.0064132085690259575,False,True
276,-0.0140533786459747,0.04710632438720114,False,True
277,-0.4244644032319957,0.4663244738458279,False,True
278,0.2509360234249724,0.22356955931837083,False,True
279,0.6352465156507279,0.6161270777985963,False,True
280,-0.8476379434567848,0.898579013333007,False,True
281,0.3786889686860967,0.35406399073448525,False,True
282,-1.4771997491062865,1.5416507617111945,False,True
283,-0.1679055072206395,0.20426000878542122,False,True
284,0.4528199215020183,0.42978574038398026,False,True
285,0.0419333293969045,0.010081818069963428,False,True
286,-2.395787364920798,2.479950605887671,False,True
287,-0.3764253915089505,0.4172545795449373,False,True
288,0.1841987425641184,0.15540014449670866,False,True
289,-1.5995105642482708,1.666586278817051,False,True
290,-0.5016737145442018,0.5451906413468764,False,True
291,0.6954534965289313,0.677626057105282,False,True
292,1.2145217226513902,1.2078331133541336,False,True
293,-0.5271200864672517,0.5711830740764242,False,True
294,-0.9141887198417394,0.9665579214270998,False,True
295,0.0869790834187466,0.05609422151612648,False,True
296,-0.2037535007603819,0.24087727443683593,False,True
297,0.6714486637712761,0.6531060979329406,False,True
298,0.5958387835949104,0.5758736842074634,False,True
299,-0.7858025366733236,0.8354166632744726,False,True
300,-0.4184490361838228,0.46018002135507646,False,True
301,-1.898334137413152,1.971822390549569,False,True
302,-0.1168571319495035,0.15211617216304588,False,True
303,-1.3949874729618743,1.457674269357446,False,True
304,0.3193763492404415,0.29347856521227267,False,True
305,-1.4801027204038728,1.5446160286811381,False,True
306,1.0130272125840991,1.002014676284401,False,True
307,-0.0721798022188357,0.10648009912788356,False,True
308,0.805712145072327,0.7902507768013373,False,True
309,0.5132050699834175,0.49146671064225056,False,True
310,0.1888509097054605,0.16015214379286036,False,True
311,-0.091160120287548,0.12586772114638997,False,True
312,0.4782735281038092,0.455785563043262,False,True
313,-0.5978238169602632,0.6434040556813889,False,True
314,0.1425260658245467,0.11283320214087739,False,True
315,-0.2499960388878711,0.2881121441132299,False,True
316,0.0242414901446737,0.007989675305052289,False,True
317,-0.194217409395456,0.23113654542229478,False,True
318,-0.2242479003165587,0.2618114690405809,False,True
319,-1.0886023037690924,1.1447142951946536,False,True
320,-0.276957781967572,0.3156524667725743,False,True
321,-0.4578310081606792,0.5004071020745148,False,True
322,-0.7548276236643066,0.8037770509507535,False,True
323,-0.627683917433096,0.6739049323951575,False,True
324,0.4300807837606492,0.40655863713099843,False,True
325,-0.5456339542588273,0.5900942361309397,False,True
326,0.0356603194573571,0.003674193857028955,False,True
327,-0.5316705596426341,0.5758311971273806,False,True
328,0.7749920011942507,0.758871400770539,False,True
329,-0.2682352139809295,0.3067427187618434,False,True
330,-0.5499298595873818,0.5944823284925,False,True
331,-0.2870335254102292,0.3259444284095973,False,True
332,1.237178673716824,1.2309762662643327,False,True
333,0.3829612180379617,0.35842791947914127,False,True
334,0.9905403980196884,0.9790453108819478,False,True
335,1.3740288377619856,1.3707631362247363,False,True
336,-1.7672568362115693,1.8379322649098249,False,True
337,-0.7259029836710976,0.7742317090244707,False,True
338,-1.1464759845065302,1.2038299034207744,False,True
339,0.1865669326537813,0.15781915423933476,False,True
340,0.1192996192252605,0.08910833273301007,False,True
341,1.040753258013109,1.0303357026707647,False,True
342,1.2190796459525295,1.2124888464051775,False,True
343,-0.2641612532101232,0.30258133372832197,False,True
344,0.7018795192899104,0.6841899776845453,False,True
345,0.8425216253504261,0.8278501620037301,False,True
346,-1.033769006510598,1.0887043148862352,False,True
347,-1.0032566861993544,1.05753722216627,False,True
348,-1.909855764698982,1.9835912636552313,False,True
349,-0.975599902990616,1.0292869443175188,False,True
350,1.7912593150914562,1.7969470789690412,False,True
351,1.1020905702884758,1.092989269471955,False,True
352,0.1156561676116043,0.0853866952729548,False,True
353,-0.5758932684927044,0.6210028934454175,False,True
354,-0.4373789265872265,0.4795161335669116,False,True
355,0.947902400075143,0.9354923322236307,False,True
356,0.250575202225034,0.2232009951554656,False,True
357,0.6253413874004503,0.6060093926330473,False,True
358,0.9270830941422123,0.9142262589863926,False,True
359,-0.122367060887979,0.1577443402064511,False,True
360,-0.0526714468977992,0.08655310855808679,False,True
361,-1.910681295859989,1.9844345101201306,False,True
362,-0.3296149368930334,0.36943960630147676,False,True
363,-1.971203900109197,2.046255885847945,False,True
364,0.6881539412544275,0.6701698586341636,False,True
365,-0.028379618180529,0.06173999469962733,False,True
366,0.5273565583191183,0.50592187972101,False,True
367,-0.4530850497596095,0.4955592988257815,False,True
368,-0.4972281478511831,0.5406496759958065,False,True
369,-0.2079475129781259,0.2451612871348452,False,True
370,-1.6469735764886455,1.7150678131013999,False,True
371,-0.8605546280086297,0.9117728806284269,False,True
372,1.1145226450639474,1.1056881276143784,False,True
373,-0.4388882929443857,0.4810578898385459,False,True
374,0.0625966932887125,0.031188602862237763,False,True
375,-0.7337867763890947,0.782284682253657,False,True
376,-0.1492951671601494,0.18525030423661185,False,True
377,0.986258344495489,0.9746713675744834,False,True
378,0.4437640142665683,0.4205354999043447,False,True
379,0.6513082821621721,0.6325335182463306,False,True
380,0.6854982204796309,0.6674571480050764,False,True
381,0.9677873029824436,0.9558039508195775,False,True
382,0.547368396910766,0.5263631579496286,False,True
383,0.0996930639869168,0.06908103494643703,False,True
384,-2.2828982702885923,2.364638992625065,False,True
385,2.109053703448797,2.1215611059189357,False,True
386,1.2082962859603157,1.201474083277306,False,True
387,0.7122203992592665,0.6947527654870902,False,True
388,1.1072910589400564,1.0983013568628708,False,True
389,-0.4872786128781756,0.5304866311712544,False,True
390,-0.0171361218452688,0.05025522103433144,False,True
391,1.8395410259769576,1.8462648805815414,False,True
392,-0.0175952382003411,0.05072418969557475,False,True
393,1.23591885638297,1.229689414158235,False,True
394,0.2377666302730853,0.21011756047843697,False,True
395,0.889505445915231,0.8758422215044255,False,True
396,0.3216602929830986,0.2958115207419886,False,True
397,-0.3536973273282254,0.394038787483232,False,True
398,-0.5717555719204606,0.6167764048860835,False,True
399,0.6407811271135581,0.6217804580355443,False,True
400,-0.5162006177079483,0.5600292813853923,False,True
401,0.120396396334254,0.0902286458884976,False,True
402,-0.8969504754798547,0.9489497567619466,False,True
403,-0.6627557984371042,0.7097294306950364,False,True
404,0.4206552013349122,0.39693078849785574,False,True
405,0.9839220603490856,0.9722849484536698,False,True
406,-0.1483763343674446,0.18431175395422567,False,True
407,1.338761974556675,1.3347394715460064,False,True
408,0.0692505288732535,0.037985224964109665,False,True
409,-0.6040714074836413,0.6497857149957986,False,True
410,-0.0854542341710724,0.12003939082513854,False,True
411,0.8167867933763254,0.8015630790782812,False,True
412,0.3211534766434486,0.295293828488868,False,True
413,-0.3451361722142167,0.3852939161490782,False,True
414,-1.1576836085244238,1.2152780349746202,False,True
415,-1.1709641868962957,1.228843604989247,False,True
416,0.9655139411555912,0.9534818042859549,False,True
417,-0.223637421579502,0.2611878898696976,False,True
418,2.24786270385841,2.2633488474607644,False,True
419,0.5167391039005919,0.49507658238089663,False,True
420,0.8983944843295768,0.8849220122782907,False,True
421,-0.0529849567273459,0.08687334608268113,False,True
422,-0.0743714144369936,0.1087187417651125,False,True
423,0.2565105665556134,0.22926372812794868,False,True
424,-0.8916052696222528,0.9434898466380419,False,True
425,1.5102341990362331,1.5098913664113645,False,True
426,1.042827967116093,1.0324549335362008,False,True
427,-0.6482238805421321,0.694885668312776,False,True
428,0.875631178037563,0.8616702218349815,False,True
429,0.8740799015040929,0.8600856560248503,False,True
430,0.6180566884865899,0.5985683693293672,False,True
431,1.3958094243313874,1.393011118488269,False,True
432,-0.2940587498241787,0.33312040907755863,False,True
433,-0.8712064348569477,0.9226532675767231,False,True
434,-1.9228229361785976,1.9968367012915142,False,True
435,0.5751883437716518,0.5547801008249374,False,True
436,1.4946413751645142,1.4939639317745148,False,True
437,0.3910823273781805,0.3667233019742675,False,True
438,-0.4776403661313846,0.5206415545939597,False,True
439,0.8317222992516414,0.8168190901481448,False,True
440,-0.3785348089479128,0.4194092635622332,False,True
441,1.373557517585368,1.3702817018567308,False,True
442,0.96527219937756,0.9532348749035502,False,True
443,0.9193885046133484,0.906366549110451,False,True
444,1.242957279573409,1.2368788768389192,False,True
445,0.4743903342518071,0.45181903864916834,False,True
446,0.9090050288213816,0.8957602514096338,False,True
447,0.6282330564735501,0.6089631148409106,False,True
448,0.4518785964154583,0.42882421513931923,False,True
449,0.2034491503109036,0.17506365212317068,False,True
450,-0.2636926004627103,0.30210262403062976,False,True
451,0.8283602597449041,0.813384903696056,False,True
452,1.1144537302499726,1.1056177339381512,False,True
453,0.5248682135411176,0.5033801368570099,False,True
454,2.105937359594552,2.1183778875710098,False,True
455,-0.730727867850227,0.7791601317415922,False,True
456,1.7024118549130494,1.7061930163128027,False,True
457,1.0887535113625322,1.0793660068712623,False,True
458,0.673526816945233,0.655228846776631,False,True
459,0.9433201925442156,0.9308117938207249,False,True
460,0.1474442218150085,0.11785689821519693,False,True
461,1.3811998331399702,1.378088015996588,False,True
462,1.500765358393419,1.500219331270975,False,True
463,0.6441397109579408,0.6252111146692543,False,True
464,2.4345286664764707,2.4540205271374758,False,True
465,2.1910359434240356,2.2053026256930695,False,True
466,1.4123359956254058,1.409892338094304,False,True
467,2.044015598868554,2.055127330476553,False,True
468,0.9307496211988732,0.9179714670718327,False,True
469,0.5819959862608048,0.5617338304167712,False,True
470,0.3682387774790159,0.3433895459538164,False,True
471,-0.0767010779832247,0.11109839821244441,False,True
472,2.1534391035583993,2.16689898473371,False,True
473,-0.3221235836260891,0.36178749399119703,False,True
474,-0.1625957704699265,0.19883632890988268,False,True
475,0.0416536593749845,0.009796146530884722,False,True
476,-0.3415877251112058,0.38166932192801273,False,True
477,1.596683088271765,1.5981953865205452,False,True
478,-1.4054031744344082,1.4683134842787156,False,True
479,0.436030503824274,0.4126360339002143,False,True
480,-0.3733120868880239,0.4140744656500868,False,True
481,-0.5539541124501093,0.5985929389220515,False,True
482,0.6279064775480908,0.6086295277670222,False,True
483,0.9476536639108752,0.9352382583605005,False,True
484,2.0748819899159456,2.0866560920355437,False,True
485,1.3067877488013389,1.3020791019444709,False,True
486,1.291903830054439,1.2868757850256287,False,True
487,0.8034611624271679,0.7879514896905221,False,True
488,0.742466345139297,0.7256477675724802,False,True
489,-0.5515012482681051,0.596087438042073,False,True
490,0.7324516654469041,0.7154181800698037,False,True
491,-0.186795066174547,0.22355492406391414,False,True
492,0.1008915211307478,0.07030521011704578,False,True
493,-0.0829035915519846,0.1174340132532693,False,True
494,-0.4059430448916014,0.44740566050071323,False,True
495,-0.1099020759994977,0.14501186572370575,False,True
496,-1.4825560159302282,1.5471219701618069,False,True
497,0.3618393867692736,0.3368528289304202,False,True
498,0.5162186130193666,0.4945449221403915,False,True
499,0.3228844838421815,0.2970619818548365,False,True
500,0.8952419677439681,0.8817018449582495,False,True
501,1.1990112339880472,1.1919897807799062,False,True
502,0.5004718023286737,0.47846019623838554,False,True
503,-1.3725231926633388,1.4347279217899769,False,True
504,1.5156754463262212,1.5154493789475931,False,True
505,1.3864356917550364,1.3834362323649205,False,True
506,-0.0705610395569679,0.10482659898566526,False,True
507,0.1268528166774118,0.09682361636015056,False,True
508,-0.4174573234142172,0.4591670271439977,False,True
509,-0.1547560427924775,0.19082836632526431,False,True
510,0.8975786848610015,0.8840887063409307,False,True
511,-1.0129861855795643,1.0674755095927462,False,True
512,0.0316627731719286,0.00040913689131767076,False,True
513,-0.7433098894107443,0.7920121544190265,False,True
514,-1.5340608322460398,1.5997320427247954,False,True
515,0.2595590689811378,0.23237764921897583,False,True
516,0.1748375542733771,0.14583807185030054,False,True
517,-1.067882726928428,1.1235500911641436,False,True
518,-1.1161576105339035,1.1728609189881078,False,True
519,-0.1284869765871751,0.16399558488694588,False,True
520,-0.2062604734175263,0.24343804492084414,False,True
521,-0.3691585149378586,0.40983176103865987,False,True
522,-0.0189021577441576,0.052059154791121866,False,True
523,-0.0010316383288977,0.03380514690552354,False,True
524,1.1325323703966843,1.1240843286761402,False,True
525,-0.9125599087942522,0.9648941572681469,False,True
526,-1.0897239729669077,1.1458600346052534,False,True
527,-0.1885447332198501,0.2253421377033152,False,True
528,-0.1652837718387808,0.20158201285131677,False,True
529,0.7882453673373625,0.772409174601584,False,True
530,0.6872779963164843,0.6692751165490001,False,True
531,1.852395884815204,1.8593955954280965,False,True
532,-0.457080492075964,0.4996404804553938,False,True
533,-0.1625348461335766,0.19877409718117275,False,True
534,-0.3720520622267584,0.41278740176748085,False,True
535,0.5195329260690202,0.4979303579600162,False,True
536,1.8185872436850552,1.8248614452195628,False,True
537,0.9705830646050846,0.9586597074721996,False,True
538,0.1896609827472073,0.16097960041839807,False,True
539,0.0381084921590946,0.006174902580954591,False,True
540,0.4417389844050886,0.41846701436114003,False,True
541,0.2201461050019162,0.19211891143113238,False,True
542,0.5013090013738223,0.4793153609718128,False,True
543,0.4155456718346749,0.391711612176132,False,True
544,-1.2569679422681574,1.3166929389827773,False,True
545,0.4504455507541509,0.427360417350678,False,True
546,1.3795062688103277,1.3763581089967019,False,True
547,-0.2270500297619626,0.26467373016485424,False,True
548,-0.191271943363334,0.22812787181143124,False,True
549,0.4503579205703112,0.42727090668623363,False,True
550,1.5784641637715846,1.5795854970279415,False,True
551,1.528036336580471,1.52807552500026,False,True
552,2.7402085296460204,2.766260059917974,False,True
553,-0.1513724517042481,0.1873721658102732,False,True
554,-0.3417534352341694,0.3818385880708154,False,True
555,1.1752112018089662,1.1676790170589897,False,True
556,-0.2974294283044995,0.3365634198893794,False,True
557,1.3710733748182522,1.3677442511757414,False,True
558,1.8554736421956048,1.8625393992642525,False,True
559,1.1948765862307689,1.1877664064609101,False,True
560,1.426603136881338,1.4244656419216313,False,True
561,1.7284055492208787,1.732744516571143,False,True
562,1.4187787347302971,1.4164733337381752,False,True
563,1.5584470398413692,1.559138820041198,False,True
564,1.6482128511561982,1.650830940987543,False,True
565,0.7553345888021159,0.7387921544722988,False,True
566,-0.1338850253993247,0.16950947193712768,False,True
567,2.285311679777013,2.3016014514193284,False,True
568,0.1064017910532534,0.07593372646175268,False,True
569,-0.5980878759233537,0.643673781159564,False,True
570,1.4684752006395696,1.4672362499978777,False,True
571,-0.809035408911624,0.8591480962109375,False,True
572,0.7981845946905719,0.7825616906122441,False,True
573,-0.9355092323321575,0.9883359567534127,False,True
574,-1.3218032933753294,1.382919610008648,False,True
575,1.448780290209207,1.447118700980528,False,True
576,0.8680185118120083,0.8538941932774097,False,True
577,1.505497502558014,1.5050530238396724,False,True
578,-0.4528136244611076,0.49528204893594485,False,True
579,0.8691422552624307,0.855042051452583,False,True
580,1.6452269119699412,1.647780925697819,False,True
581,0.8160938521178581,0.8008552677996947,False,True
582,0.3711008167665531,0.3463130025422681,False,True
583,1.8465965743602863,1.8534718359494153,False,True
584,1.2905235892125912,1.285465925209825,False,True
585,-0.3529384907040394,0.39326366677185837,False,True
586,-0.3796365432287189,0.42053464026686865,False,True
587,-0.0470905981372004,0.08085249880427564,False,True
588,0.0250592706129309,0.0071543458571847515,False,True
589,-0.9778801287195384,1.0316161020476045,False,True
590,-0.0869099608847703,0.1215263563852121,False,True
591,0.8987032688991414,0.8852374231422284,False,True
592,-0.0603876114316066,0.09443485642303243,False,True
593,0.7763499099178953,0.7602584492369739,False,True
594,-0.6958763990947218,0.7435607755782545,False,True
595,0.8472286525914023,0.8326581986577255,False,True
596,0.3777617132092913,0.3531168370232665,False,True
597,0.002943632151639,0.029744569984791216,False,True
598,0.9350630288930458,0.9223774373871664,False,True
599,0.792714350628522,0.7769740590541183,False,True
600,1.769194792718277,1.7744090678439675,False,True
601,2.025469008526378,2.036182743669079,False,True
602,0.4650392496700899,0.4422672865300999,False,True
603,-0.5971202431086376,0.6426853836418562,False,True
604,-0.3173645117683675,0.3569262958804808,False,True
605,-0.6476086974213179,0.6942572838054494,False,True
606,1.3455952381345802,1.341719372036696,False,True
607,0.11906491497768,0.08886859190138884,False,True
608,0.2057371058149659,0.1774007055038009,False,True
609,1.5947935511337517,1.5962653012770254,False,True
610,1.0726663624304846,1.0629336393144673,False,True
611,0.8686312511811686,0.8545200815919327,False,True
612,1.9974161405632904,2.0075278813725426,False,True
613,0.3073345504766235,0.281178358123506,False,True
614,1.179414506281362,1.17197252141674,False,True
615,2.895615965495599,2.925002427364576,False,True
616,2.977284042543866,3.00842304250169,False,True
617,1.565420025292879,1.5662614407362254,False,True
618,2.1781144558859817,2.192103852342817,False,True
619,3.373313021098337,3.41295051758368,False,True
620,5.532639169243485,5.618614249000573,False,True
621,4.203824968562499,4.261284653028503,False,True
622,4.410264879027926,4.4721546152255875,False,True
623,4.98968731742717,5.064011041659435,False,True
624,3.5147923581574223,3.5574658992754107,False,True
625,2.8273468451921326,2.8552683009296054,False,True
626,4.334366656188494,4.394627671211255,False,True
627,4.545469922320702,4.610261061327625,False,True
628,6.002801068280348,6.098865483623234,False,True
629,5.703173666162303,5.792808293347402,False,True
630,7.171431683341217,7.292574069645465,False,True
631,6.295168734664038,6.397507149466736,False,True
632,6.367844533125761,6.471742518198079,False,True
633,7.184992835954907,7.306426234822976,False,True
634,6.543339093940948,6.651003065838599,False,True
635,7.304474498124422,7.428471887372074,False,True
636,7.886149045016817,8.022628750924614,False,True
637,8.260048123545014,8.404551434271108,False,True
638,8.88528342869828,9.0432038385698,False,True
639,9.22307716776043,9.388246387880422,True,True
640,8.971508153243295,9.131278883575725,False,True
641,7.677340075585222,7.809338891462936,False,True
642,8.74503776886886,8.899948607932178,False,True
643,8.112907044244514,8.254252813428938,False,True
644,7.370582945461526,7.495998974355662,False,True
645,7.2892735383312095,7.412944725934505,False,True
646,7.351697957681366,7.476708728345012,False,True
647,7.418720932272679,7.545169967678737,False,True
648,7.179762129424152,7.301083281098972,False,True
649,6.806918146765886,6.920238335219547,False,True
650,6.858554948813523,6.972983225833065,False,True
651,8.132474089087083,8.274239752955111,False,True
652,6.98670141071694,7.103879618475074,False,True
653,7.239577532039986,7.362182279155923,False,True
654,7.096964288850485,7.216508658525235,False,True
655,5.9867339011833804,6.082453526697302,False,True
656,7.409282796309782,7.535529296118572,False,True
657,5.844533466885187,5.937201573539286,False,True
658,6.688950213817618,6.799738895430091,False,True
659,6.359525341377986,6.463244802589655,False,True
660,5.1472330462990055,5.224937588355839,False,True
661,4.107812505368056,4.163211831554131,False,True
662,3.452791200241315,3.494134241184353,False,True
663,2.9109817348937637,2.9406979351024694,False,True
664,1.866006833241583,1.8732986250005572,False,True
665,2.90180798011342,2.93132731815454,False,True
666,1.9146528118965345,1.9229885113063727,False,True
667,3.0337565784701734,3.066107438358606,False,True
668,2.253154558141952,2.2687542611242715,False,True
669,1.92478099489062,1.9333340378098134,False,True
670,2.328379286416863,2.3455932578660037,False,True
671,1.1310020014972582,1.1225211191628148,False,True
672,1.580455095443552,1.5816191526590557,False,True
673,-1.2075459010400995,1.2662103363602157,False,True
674,0.9104193926901748,0.8972049665079543,False,True
675,0.6675329608157421,0.6491063668133771,False,True
676,0.6826352730986512,0.6645327638361512,False,True
677,-0.6477949496401486,0.6944475328626952,False,True
678,0.5821265844283676,0.5618672311269095,False,True
679,0.8160924792047771,0.8008538654248882,False,True
680,0.3074158751547552,0.28126142797063325,False,True
681,0.305696786837725,0.2795054492569808,False,True
682,0.4206859373098822,0.3969621840447023,False,True
683,1.0054099942236117,0.9942339979063608,False,True
684,0.4259865897449478,0.4023765846617252,False,True
685,-0.1634515342535525,0.19971045676769858,False,True
686,-0.2116586127600067,0.24895202444407238,False,True
687,-0.6437110925856949,0.6902760391784099,False,True
688,-0.0580279346971393,0.09202454272607027,False,True
689,0.7198755569217753,0.7025721973172367,False,True
690,1.9423419816705432,1.9512718707127492,False,True
691,-0.298946092244071,0.33811263034428646,False,True
692,-0.7043149934168759,0.7521804560542698,False,True
693,0.360041575195474,0.3350164376156308,False,True
694,-0.7459812024508148,0.7947407919121656,False,True
695,0.5366027022591869,0.5153664392478734,False,True
696,-0.745164207211574,0.7939062645437633,False,True
697,0.0335792338036162,0.0015484496046513064,False,True
698,0.7056023961369693,0.6879927447862834,False,True
699,-0.2811410003905368,0.3199254540487457,False,True
700,-1.0503495880864535,1.1056407037958393,False,True
701,-0.0578103180113537,0.0918022561430079,False,True
702,-0.1741546154046475,0.21064321832836447,False,True
703,-0.1077321437962045,0.14279536833883935,False,True
704,0.9736782091256776,0.9618212715640484,False,True
705,0.4012166705922931,0.37707512089161827,False,True
706,0.3502496257006168,0.3250143599400445,False,True
707,-0.0102638180553434,0.04323544255680133,False,True
708,0.5888348607211668,0.5687194621954124,False,True
709,-0.1355046251399342,0.1711638271211943,False,True
710,-0.1664527634899203,0.20277609022099174,False,True
711,-1.725314960821758,1.7950903470946866,False,True
712,-0.2205759909444345,0.25806076313906573,False,True
713,-0.303551435831653,0.3428168012869523,False,True
714,0.223514717601562,0.1955598120299674,False,True
715,2.010612476854238,2.0210074015318877,False,True
716,-1.442159077489938,1.505858142529947,False,True
717,-0.2735908818209625,0.31221331537478386,False,True
718,-0.2509018994175258,0.28903744375714785,False,True
719,-1.4409750037127045,1.5046486593826192,False,True
720,0.4303466176564067,0.40683017563061663,False,True
721,-0.2009664480649151,0.23803041359869004,False,True
722,-0.1559877672959036,0.19208652274903482,False,True
723,0.0609727444412496,0.02952980524261833,False,True
724,1.1176851473182652,1.1089184948883841,False,True
725,-0.7272037540772759,0.7755603930263165,False,True
726,0.0196850004648954,0.012643943970253863,False,True
727,0.1825494448600949,0.15371545405233153,False,True
728,-0.9808498595423616,1.034649561154094,False,True
729,-1.208702676859377,1.267391935755079,False,True
730,0.8760915417117048,0.8621404645818628,False,True
731,-0.5186166751876566,0.5624971857177642,False,True
732,0.373505874569096,0.34876967115232815,False,True
733,-0.0035698521719874,0.03639782898881711,False,True
734,1.5274013735180398,1.5274269360880215,False,True
735,0.3592172196699377,0.33417439201449256,False,True
736,1.4736419169127914,1.4725138402795293,False,True
737,0.289554131193111,0.26301638385356224,False,True
738,1.2819309141522854,1.2766888575340378,False,True
739,2.098573018472329,2.1108555129945605,False,True
740,1.07231195075185,1.0625716222165749,False,True
741,-0.0954092021458893,0.13020798523980423,False,True
742,-0.3134610046734938,0.35293902233595986,False,True
743,0.3139746827041895,0.28796098280423593,False,True
744,1.3730738281233288,1.3697876327673508,False,True
745,0.5790809118533903,0.5587562006129831,False,True
746,-0.4628398555505266,0.5055234357203044,False,True
747,-0.3307458457368412,0.37059478363421466,False,True
748,0.5509516871991804,0.5300233430657507,False,True
749,0.8392391426180522,0.8244972395570592,False,True
750,0.5585295552617046,0.5377638267167867,False,True
751,-0.2376545439744099,0.2755058096113899,False,True
752,0.1910470166899829,0.1623953776509013,False,True
753,-0.3357050627970567,0.37566042191925897,False,True
754,1.5066563803688455,1.506236770333314,False,True
755,1.2271349844476322,1.2207170466602417,False,True
756,-0.7247162055115571,0.7730194634607402,False,True
757,0.7153584300411799,0.6979581361485263,False,True
758,-0.8136659197527268,0.8638779744782509,False,True
759,1.9140997046894177,1.9224235348171237,False,True
760,1.41148576367771,1.4090238607816317,False,True
761,0.8666888415437258,0.8525359892432423,False,True
762,-0.5144649533396931,0.5582563709103991,False,True
763,0.8174797730491974,0.8022709295956177,False,True
764,0.3858157458920836,0.3613437034442289,False,True
765,-0.0421924708454305,0.07584926123009054,False,True
766,0.1062868738640498,0.0758163432324705,False,True
767,-0.6184720305971844,0.6644953651052229,False,True
768,0.2471422049129268,0.21969432819463114,False,True
769,0.3140963259552177,0.28808523643178313,False,True
770,0.0528500088899055,0.021232761639047804,False,True
771,-0.5707343962242528,0.6157333154952267,False,True
772,-0.4749560718278487,0.5178996572687947,False,True
773,0.3186219352812869,0.2927079620731354,False,True
774,0.4096537275808203,0.3856932310439346,False,True
775,-0.8064482333206906,0.8565054016959701,False,True
776,0.001541628265737,0.031176659863893504,False,True
777,-1.1015168558963897,1.1579059843052315,False,True
778,-0.2546467151955425,0.2928626205834945,False,True
779,-0.1759829350938495,0.21251077244073063,False,True
780,-1.1201437065250774,1.1769325537271356,False,True
781,-1.140161973779961,1.1973803985734712,False,True
782,-1.1851092007107131,1.2432921606081615,False,True
783,-1.153793712672299,1.21130466476031,False,True
784,0.4563946096969528,0.43343713881189444,False,True
785,-0.1682086924975403,0.2045697001999091,False,True
786,0.1534142406660605,0.12395502936919221,False,True
787,1.8020546228196377,1.8079740462226854,False,True
788,0.7405561731269581,0.7236966046451,False,True
789,-0.0962103199351773,0.13102629443961789,False,True
790,0.0390100891481178,0.007095847191731136,False,True
791,0.667485187443813,0.6490575682593087,False,True
792,-0.0869297511365655,0.12154657132155126,False,True
793,-0.0022364195808058,0.03503578189501199,False,True
794,-1.2271399484198369,1.2862248578785491,False,True
795,-0.970398607346198,1.023974032616281,False,True
796,-1.2347743383155103,1.2940230762805478,False,True
797,0.7958817948717286,0.7802094743685335,False,True
798,0.7567818795817597,0.7402705030692519,False,True
799,0.0194751085752015,0.012858339988666397,False,True
800,-0.4159323812344679,0.45760936080384335,False,True
801,-0.7464603666684434,0.7952302386486505,False,True
802,-1.4008691259395387,1.4636821383700813,False,True
803,0.8532453517689557,0.8388040118643941,False,True
804,0.6086363823681655,0.5889459102292903,False,True
805,1.1506794778027902,1.142620859931577,False,True
806,0.2159785690050442,0.187861943114618,False,True
807,-0.1535114230756721,0.1895570379661268,False,True
808,1.3880983449359037,1.3851345648850515,False,True
809,-1.534442824146737,1.6001222318964434,False,True
810,0.2045963605140636,0.17623548063068678,False,True
811,-1.0186393185108138,1.073249954683427,False,True
812,0.0350419803187876,0.0030425856060799965,False,True
813,1.8886648815154337,1.8964428986644755,False,True
814,-0.1171254607045997,0.1523902590598865,False,True
815,1.2462066417410314,1.2401979679773836,False,True
816,0.9926084097925482,0.9811577006973807,False,True
817,0.4182514237792181,0.3944754276078194,False,True
818,-0.4103836136854744,0.45194152070132293,False,True
819,0.3467837782245253,0.32147413787437623,False,True
820,-0.3447685449846251,0.38491839990402743,False,True
821,0.1578235280866162,0.12845893692075247,False,True
822,-0.3018597431599128,0.34108880610939835,False,True
823,-1.039837224379102,1.0949027523378414,False,True
824,-0.8889080153438926,0.940734711226331,False,True
825,-0.3368734008800531,0.37685383169568937,False,True
826,-1.0781844225076849,1.1340728537078117,False,True
827,-0.2256196615470385,0.26321266727866655,False,True
828,-2.0047479366216048,2.0805197532142974,False,True
829,-0.4905146056526986,0.5337920660190766,False,True
830,0.7982466871096201,0.7826251154898654,False,True
831,-1.2389816811405074,1.2983207056510366,False,True
832,-0.9710147373435014,1.024603384319384,False,True
833,-0.3958290207678378,0.43707459670674986,False,True
834,-1.229900406721698,1.289044553626565,False,True
835,0.1101976216297056,0.07981101282735138,False,True
836,1.3658723959687658,1.362431663067626,False,True
837,-1.4767474259818676,1.5411887320584396,False,True
838,-1.3496611170145938,1.4113752424707078,False,True
839,-1.9113070678510335,1.985073710727213,False,True
840,-0.0319439163104386,0.06538078009920756,False,True
841,0.0976183439855095,0.06696179294870538,False,True
842,1.2994509390019682,1.2945848494932248,False,True
843,1.1532573163994817,1.1452540170871337,False,True
844,-0.2970146888178675,0.3361397803921981,False,True
845,0.0886784183915017,0.05783002299296864,False,True
846,-1.70616445529032,1.7755288855131302,False,True
847,-1.5344348415159197,1.6001140779641205,False,True
848,-1.1262885792346016,1.1832092909774177,False,True
849,-0.592609310364149,0.6380776495309504,False,True
850,0.908476999340954,0.8952208907970193,False,True
851,0.3193705287467793,0.2934726198150103,False,True
852,0.6361913945155103,0.6170922330829999,False,True
853,-1.1405775649260033,1.19780490800606,False,True
854,0.601656074595072,0.5818158100809337,False,True
855,-0.7117778525798284,0.759803462797617,False,True
856,-2.217913424503001,2.298259618872692,False,True
857,0.5340488635488049,0.5127577969988937,False,True
858,0.5996830017245324,0.5798003964882581,False,True
859,0.6435178683578693,0.6245759277750439,False,True
860,-0.9084412093710088,0.9606870735229428,False,True
861,-1.0785536188481302,1.1344499727357045,False,True
862,-1.7895775566330407,1.8607319719087079,False,True
863,1.0174075038186987,1.0064889654127473,False,True
864,0.2767090165441446,0.24989562229956808,False,True
865,-0.4491936433301774,0.4915843856182636,False,True
866,-2.005269332712045,2.0810523380891555,False,True
867,0.5187733551684944,0.4971544872152616,False,True
868,0.0676731347035299,0.036373981052069584,False,True
869,-0.2205705322691987,0.25805518732459254,False,True
870,-0.1186333269980466,0.15393048307752216,False,True
871,0.9463789889749258,0.9339362298188719,False,True
872,-0.6282574371937113,0.6744907594765952,False,True
873,0.6244202485054404,0.6050684867610623,False,True
874,-0.1182397940636601,0.15352850520991748,False,True
875,0.0044842631506562,0.028170878154611802,False,True
876,-1.111160982830451,1.1677570672543784,False,True
877,-0.5140696578116952,0.5578525926251943,False,True
878,1.09313967233301,1.0838462916957894,False,True
879,-0.4073564870884214,0.4488494341486442,False,True
880,-1.9660198640206663,2.0409606040802277,False,True
881,0.0208031685427268,0.01150178081115008,False,True
882,-0.0208895622909624,0.054089207607508974,False,True
883,-2.1314579075490623,2.209948828819043,False,True
884,0.4202105306843189,0.396476575535501,False,True
885,1.076708856785022,1.0670628826850994,False,True
886,0.2961813922097089,0.2697858611164108,False,True
887,0.6931192226983938,0.6752416914402642,False,True
888,-0.4972300535784602,0.5406516226186178,False,True
889,1.668889802940141,1.671951605258327,False,True
890,-0.3201352495987613,0.3597564917483046,False,True
891,-1.1228443068036031,1.1796911069417648,False,True
892,-0.3309326788798842,0.3707856260818878,False,True
893,0.3756027658516614,0.3509115602109364,False,True
894,-0.0731284030754793,0.10744905627541178,False,True
895,0.3220374773760484,0.29619679924023695,False,True
896,-1.6342741913733807,1.7020959083318976,False,True
897,-0.8008614970383089,0.8507987780784008,False,True
898,-0.300343377569348,0.3395399004058526,False,True
899,0.565115621153723,0.5444912248373648,False,True
900,-1.7076345314849732,1.7770305084836813,False,True
901,-0.1513182200041747,0.18731677033699198,False,True
902,1.676572238691416,1.6797989005453695,False,True
903,0.3170892793848429,0.291142416485484,False,True
904,2.2973340533260345,2.3138818164421853,False,True
905,0.1271062953807512,0.09708253453382364,False,True
906,1.4060639024732156,1.4034856503423228,False,True
907,-0.8479014736626115,0.8988481987071684,False,True
908,-0.1067927614024393,0.1418358274757607,False,True
909,-0.5444779652195819,0.5889134403998413,False,True
910,0.5092691293538872,0.4874463075627888,False,True
911,0.0772560026865916,0.046162490477267615,False,True
912,0.2154117798463436,0.18728299106896243,False,True
913,0.5836404767389388,0.563413610475655,False,True
914,1.3287873819969755,1.3245508314170067,False,True
915,1.5529127865404415,1.5534858056520489,False,True
916,0.7317003863961963,0.7146507791119896,False,True
917,1.0801375888783098,1.0705651928985918,False,True
918,0.7002236781745352,0.6824986034119235,False,True
919,0.7276708038587182,0.7105347246367076,False,True
920,-0.1102261125620715,0.1453428558774331,False,True
921,-0.9409161509302412,0.9938589039287435,False,True
922,-0.0011448292500572,0.03392076682229323,False,True
923,-1.2864102100864931,1.3467670166543457,False,True
924,0.6919875717079909,0.6740857560350001,False,True
925,0.04809351860442,0.01637420049924775,False,True
926,-1.7107738913123616,1.7802372367109505,False,True
927,0.1496993419507445,0.12016041160415558,False,True
928,1.1069971018282645,1.0980010916432659,False,True
929,0.6640546135274084,0.6455533766985024,False,True
930,-0.0565681757144874,0.09053345836745633,False,True
931,-0.5638560179295362,0.6087073321584094,False,True
932,0.6286612383060457,0.6094004851470121,False,True
933,1.2730807190346367,1.267648743606029,False,True
934,0.7103148519655881,0.6928063265215006,False,True
935,-0.6054311922828061,0.6511746797969826,False,True
936,0.5546717934848533,0.5338232801518519,False,True
937,-0.2739324298387192,0.3125621927669047,False,True
938,-0.8449072166400217,0.8957896870863371,False,True
939,-0.5442179621003816,0.588647857801044,False,True
940,0.5466824075629463,0.5256624477646832,False,True
941,1.2185087575627134,1.2119057071618604,False,True
942,-0.236455333890896,0.27428086534355517,False,True
943,0.6435401544980244,0.6245986921597088,False,True
944,0.8447394899762364,0.8301156204063639,False,True
945,2.3661297095863225,2.3841537779162243,False,True
946,0.694053875676337,0.6761964013976651,False,True
947,0.6066702976552429,0.5869376347550589,False,True
948,-0.2681013465205184,0.3066059786021879,False,True
949,-1.0168440661950795,1.0714161775465372,False,True
950,-0.5681321250026867,0.6130752014082702,False,True
951,0.6585045227403181,0.6398841849621492,False,True
952,1.155987722467413,1.1480430157019332,False,True
953,0.0354308417560557,0.0034397917296040666,False,True
954,-0.1318165617286527,0.167396620526481,False,True
955,1.4887820742253253,1.4879788944589951,False,True
956,0.6099970139489648,0.5903357399834325,False,True
957,-0.3478590890058921,0.3880752647731494,False,True
958,0.5246796286228248,0.5031875050422523,False,True
959,-0.5748047127360967,0.6198909780666142,False,True
960,0.1397183491024855,0.10996523384101554,False,True
961,-0.3434633599502044,0.3835852065391979,False,True
962,-0.5294315208396182,0.5735441101649551,False,True
963,-0.672303844911383,0.719482371366963,False,True
964,0.2933198905273676,0.26686295366977514,False,True
965,0.9619483012851364,0.9498396483530441,False,True
966,-0.2129133436636436,0.2502336809688253,False,True
967,1.5684834989910577,1.5693906543726308,False,True
968,-0.0857825905041066,0.1203747934484878,False,True
969,0.4215463062653405,0.39784101589801985,False,True
970,0.0824010039940452,0.05141789980563189,False,True
971,-0.2550370780048001,0.29326136029736916,False,True
972,1.243492789794765,1.2374258787237724,False,True
973,0.2876027222437824,0.2610230990742371,False,True
974,0.8584111594860475,0.8440806740929557,False,True
975,0.0619350775380454,0.030512789314277856,False,True
976,-0.235533662546613,0.2733394155963192,False,True
977,1.1873978020797682,1.1801271329907457,False,True
978,-0.3747394499696004,0.41553245891493057,False,True
979,-0.1604740993728933,0.19666912827984287,False,True
980,0.0664178243599772,0.03509173265303776,False,True
981,-0.5332648346959027,0.5774596841745633,False,True
982,0.3189538330196017,0.29304698209777086,False,True
983,0.3977665924428316,0.3735510065509672,False,True
984,-0.2178021995918289,0.2552274482226436,False,True
985,0.0347632518162147,0.002757875790675187,False,True
986,1.5047891565229454,1.5043294772090787,False,True
987,-0.2430072005826404,0.280973330373663,False,True
988,-0.591157311027329,0.6365944913345768,False,True
989,0.729613775450906,0.7125193909992871,False,True
990,1.2938133321356098,1.2888262636456007,False,True
991,0.856362092454255,0.841987635559083,False,True
992,0.399710369683223,0.3755364958503802,False,True
993,0.0212155151902849,0.011080585501645078,False,True
994,-0.7520854642665192,0.8009760467881082,False,True
995,0.2022244279308662,0.1738126480833115,False,True
996,1.2495477228633205,1.2436107462931951,False,True
997,0.1753617029853988,0.14637346841601534,False,True
998,-0.675200695834936,0.7224413866240567,False,True
999,-0.0450147036764998,0.07873205714420049,False,True
1000,-0.4891044395055136,0.5323516387224453,False,True
1001,-0.161383038013741,0.19759757208900214,False,True
1002,0.0188013210998156,0.013546586457787436,False,True
1003,1.455811222680928,1.4543005121970678,False,True
1004,-0.7963258631907979,0.8461658127965996,False,True
1005,0.496218375610799,0.4741154940478829,False,True
1006,-0.1576449652194024,0.1937792829459048,False,True
1007,-1.3616249883909235,1.4235958499063999,False,True
1008,0.6816755783031387,0.6635524746818195,False,True
1009,-0.6592952095455978,0.7061945800593895,False,True
1010,0.6082243587058161,0.5885250448360239,False,True
1011,0.7722679482246659,0.7560888915869992,False,True
1012,0.486139159151775,0.4638199848660643,False,True
1013,-0.8169972808117862,0.8672808241452795,False,True
1014,-0.8357503479488579,0.8864363185908943,False,True
1015,-0.3325189288763036,0.3724059158602836,False,True
1016,-0.068937418518459,0.10316813620954379,False,True
1017,-0.1291536195513777,0.1646765335288215,False,True
1018,-1.5358367355287963,1.6015460556124015,False,True
1019,1.1541177423688531,1.1461329071778419,False,True
1020,0.7406625857200296,0.723805300775745,False,True
1021,-0.097147618402607,0.13198370665680342,False,True
1022,0.0512683879141057,0.01961720021671869,False,True
1023,0.3060839486962615,0.27990091933003824,False,True
1024,2.2682301027442953,2.284153316051342,False,True
1025,1.1620875127244157,1.1542737030627461,False,True
1026,1.0888372954992147,1.0794515889551488,False,True
1027,0.5837210529141437,0.5634959157575219,False,True
1028,0.8566007093870028,0.842231373039276,False,True
1029,-0.2120560069745379,0.24935794645211146,False,True
1030,-2.219377681749181,2.299755298024328,False,True
1031,-1.705631743187417,1.7749847417923361,False,True
1032,0.672245297923068,0.653919827279628,False,True
1033,-1.0720303934646602,1.1277867636357095,False,True
1034,-1.3643775922571617,1.4264075226682635,False,True
1035,-1.1844958484632806,1.24266564626344,False,True
1036,-2.101344078234853,2.1791887784257824,False,True
1037,-1.2530813242423795,1.3127229169346057,False,True
1038,-0.395433714329407,0.43667080727698193,False,True
1039,-0.2944995011122876,0.33357061857073417,False,True
1040,1.9132620448297384,1.921567899380418,False,True
1041,0.012313260739408,0.020173875918662675,False,True
1042,-0.0136191325027556,0.04666275963463757,False,True
1043,-1.1016458748578393,1.1580377719206312,False,True
1044,-0.0855591872280021,0.12014659609904772,False,True
1045,-1.9717616129727211,2.0468255668276694,False,True
1046,0.7828250437719599,0.7668725347979941,False,True
1047,-0.5074756991904854,0.5511171324031433,False,True
1048,-0.4033658916782751,0.44477320343635496,False,True
1049,-0.0826679449561731,0.11719330985130302,False,True
1050,0.4268761886002467,0.4032852736674728,False,True
1051,-0.082670573169731,0.11719599446443016,False,True
1052,0.4343972419623284,0.41096772341553167,False,True
1053,-0.9866560826238114,1.0405803815992916,False,True
1054,-1.3954672477035932,1.4581643397194282,False,True
1055,0.8243434163277005,0.8092818617133906,False,True
1056,0.3461696671561103,0.3208468484249209,False,True
1057,0.77043287898985,0.7542144430886335,False,True
1058,-0.434047163177559,0.4761128729151207,False,True
1059,-0.0282306523275405,0.06158783214676862,False,True
1060,0.0326275916738932,0.0005763859205147607,False,True
1061,-2.690475888441486,2.7809629327900747,False,True
1062,-1.7495748032637324,1.8198707882754297,False,True
1063,0.6085562156624615,0.5888640232038448,False,True
1064,0.884871443984387,0.8711087772311006,False,True
1065,-0.1003828482253685,0.135288362180469,False,True
1066,-0.2074226617333508,0.2446251729605303,False,True
1067,0.1582289579039027,0.12887306696979206,False,True
1068,-1.2210115677963802,1.2799649666226183,False,True
1069,0.8534081368671022,0.8389702902134546,False,True
1070,-0.3083152067211718,0.34768279926730233,False,True
1071,-1.342553841025715,1.40411544946014,False,True
1072,0.0121952032695464,0.02029446681676311,False,True
1073,-1.6604556446765846,1.7288391967583665,False,True
1074,-1.7649062904530877,1.835531278133014,False,True
1075,-1.2636619608721835,1.3235306064027792,False,True
1076,-0.5779949840084572,0.6231497102617812,False,True
1077,-0.3803087263681925,0.4212212479721847,False,True
1078,-1.539836258488121,1.6056314054526417,False,True
1079,0.9432079430677528,0.9306971355513767,False,True
1080,0.3884790004116372,0.36406410948680723,False,True
1081,0.7972980275480842,0.7816560983776802,False,True
1082,0.4890544714829016,0.4667978576992358,False,True
1083,0.9712977611335392,0.9593897408731918,False,True
1084,0.5005210170926756,0.478510467115762,False,True
1085,-1.0248006709165198,1.079543525272297,False,True
1086,0.7204945972904789,0.7032045218462133,False,True
1087,-0.8369601316678238,0.8876720633967791,False,True
1088,-0.673046913074464,0.7202413852374181,False,True
1089,1.3850917758088788,1.3820634769508953,False,True
1090,-0.9524717356154048,1.0056624631350617,False,True
1091,-0.3657720400360618,0.4063726148255401,False,True
1092,-0.5418606511237151,0.5862399606293404,False,True
1093,0.6664006983275735,0.6479498067880458,False,True
1094,0.3202438652734889,0.29436469751431465,False,True
1095,-0.7350181161081548,0.7835424456358663,False,True
1096,0.7034886736979444,0.6858336633867255,False,True
1097,-0.6461534300748893,0.6927707874703357,False,True
1098,-0.3680358177197496,0.4086849715471915,False,True
1099,-0.6412169276773271,0.6877283512882386,False,True
1100,0.7657891381257036,0.7494710508915148,False,True
1101,0.2184624177881578,0.19039909350292028,False,True
1102,-0.2842428335129345,0.3230938502749745,False,True
1103,0.2576010451370142,0.2303776075939797,False,True
1104,-1.92290907018838,1.9969246836750842,False,True
1105,0.7758846437514135,0.7597831987937995,False,True
1106,0.0320633147300135,0.0,False,True
1107,-0.7053628947639196,0.7532508446091727,False,True
1108,-0.7904880503686446,0.8402027247176242,False,True
1109,-1.9845445750941535,2.0598828421056714,False,True
1110,-0.5067167717316787,0.5503419189079035,False,True
1111,-0.455977651802166,0.4985139740239537,False,True
1112,-0.3337183935873966,0.3736311202198218,False,True
1113,0.1213731884560014,0.09122639926536596,False,True
1114,-1.476677933553464,1.5411177483725942,False,True
1115,-1.4029944242087595,1.4658530440088104,False,True
1116,-2.370720264456751,2.4543455835093586,False,True
1117,-0.7986641967936449,0.8485543253537153,False,True
1118,-0.2034938344635317,0.24061203588835367,False,True
1119,-1.2682865265495191,1.3282544119273945,False,True
1120,-0.4345440684450156,0.4766204414115799,False,True
1121,-2.911301183164567,3.006526979225827,False,True
1122,-2.591771968189701,2.680140897529196,False,True
1123,-2.50240163948333,2.588852745963128,False,True
1124,-0.529370847761479,0.5734821350862761,False,True
1125,-1.067190072286496,1.122842572652677,False,False
1126,-1.753348399405504,1.8237253630714,False,False
1127,-1.1579492252297623,1.2155493516230693,False,False
1128,-2.1594883679902477,2.2385808027444023,False,False
1129,-0.3541795529398132,0.39453136130898464,False,False
1130,-0.9833334904098596,1.0371864889504685,False,False
1131,0.6807058377424032,0.6625619241873815,False,False
1132,-2.369467777489312,2.4530662190740573,False,False
1133,-0.0807834580692174,0.1152683832335897,False,False
1134,-0.9481858938514944,1.0012846502949915,False,False
1135,-1.1522427873654486,1.209720457713869,False,False
1136,-1.011630442387827,1.0660906731289732,False,False
1137,-1.9503122169805596,2.0249158822525306,False,False
1138,-0.4224949824590481,0.4643127907221271,False,False
1139,-1.6252552488104794,1.6928834257600494,False,False
1140,-1.7141140424865684,1.783649065122664,False,False
1141,-0.8047593636704015,0.8547802901198734,False,False
1142,-1.8446256347495409,1.916961342117588,False,False
1143,-1.4901937885117469,1.5549236438396516,False,False
1144,1.0481440213243864,1.0378850664374077,False,False
1145,-1.922620784815428,1.996630211905748,False,False
1146,-1.374448589736246,1.436694636496755,False,False
1147,-1.7546584434790535,1.825063519746837,False,False
1148,0.8622756991381443,0.8480281439814551,False,False
1149,0.0775515832922342,0.046464414029731504,False,False
1150,-0.2170769097101113,0.25448659414266017,False,False
1151,1.0119777028674568,1.0009426448454468,False,False
1152,-0.7362108627293411,0.7847607877401289,False,False
1153,-0.4381313583347455,0.4802847119575798,False,False
1154,0.6942126207116015,0.6763585529870052,False,False
1155,0.5204608573485456,0.49887820197619437,False,False
1156,-0.0146449232861841,0.04771056314916153,False,False
1157,-2.201492147196501,2.28148595278728,False,False
1158,-1.091490436551677,1.1476644052257552,False,False
1159,0.8185445724110167,0.8033585787845178,False,False
1160,0.4104185883313447,0.38647450515505727,False,False
1161,-0.268772907549571,0.3072919508470416,False,False
1162,0.0986471062678841,0.06801263172840177,False,False
1163,-1.1802129636710794,1.2382908538495614,False,False
1164,0.1420156360307625,0.1123118188915005,False,False
1165,-0.0993643874415784,0.13424804596209414,False,False
1166,-0.5248890984738664,0.5689042106882031,False,False
1167,0.4562044705913645,0.4332429194581019,False,False
1168,-0.2144670469271286,0.251820725584849,False,False
1169,-2.2592043134988993,2.340436580594962,False,False
1170,-0.8607475478115267,0.9119699403512889,False,False
1171,-1.572303417138552,1.6387952859340262,False,False
1172,-0.9313140727093931,0.9840507720278979,False,False
1173,-1.9485831840799692,2.0231497455517204,False,False
1174,-0.0428194451967728,0.07648968999925645,False,False
1175,-0.6264887667472436,0.6726841346367332,False,False
1176,1.5486611258243992,1.5491429073605054,False,False
1177,-1.4892502533922145,1.553959861136303,False,False
1178,-0.5582153125703255,0.6029455813265089,False,False
1179,-1.5529708112401668,1.6190478162428574,False,False
1180,-1.920595906929272,1.994561881599148,False,False
1181,-1.5151077115243938,1.5803722016888266,False,False
1182,-1.7206050096083052,1.7902793237218722,False,False
1183,-1.6302476615166226,1.6979829720456643,False,False
1184,-0.9659516361199394,1.0194316325916997,False,False
1185,-0.8944943868254803,0.9464409622147442,False,False
1186,-0.3279769149197396,0.3677664335568863,False,False
1187,-1.7513846784114289,1.8217195020397194,False,False
1188,-1.1776327622737266,1.2356552831893437,False,False
1189,-1.7313778153955937,1.8012833061591853,False,False
1190,-0.7130011343306184,0.7610529952933632,False,False
1191,-0.2944062281303352,0.3334753440177954,False,False
1192,-0.7872066937982491,0.8368509525995564,False,False
1193,-0.2944105456966928,0.33347975423601606,False,False
1194,1.0928161908110037,1.0835158684934,False,False
1195,0.5391233490423025,0.5179411772947435,False,False
1196,0.8265105406764622,0.8114954909891905,False,False
1197,-0.2041096500779723,0.2412410664621642,False,False
1198,1.19726266079445,1.1902036844654806,False,False
1199,-0.139028673689347,0.17476349921328144,False,False
1200,-0.204163765039647,0.2412963426919248,False,False
1201,0.4343594801066723,0.41092915121766194,False,False
1202,-1.4683659072187694,1.5326273519418527,False,False
1203,-0.8395058941353061,0.8902724560925057,False,False
1204,-0.7614300814488032,0.8105211927220115,False,False
1205,-1.432621569793994,1.4961159667909445,False,False
1206,-0.7744248865288028,0.8237948569558318,False,False
1207,-0.1619964995121852,0.19822419802918323,False,False
1208,0.0793776877637764,0.04832970538746303,False,False
1209,0.204775838241277,0.1764188098206064,False,False
1210,0.0710029858382273,0.039775288392847344,False,False
1211,-1.0055883526157403,1.0599189244639071,False,False
1212,-1.4195453456241922,1.4827591362723203,False,False
1213,-1.425903495288208,1.489253727246864,False,False
1214,-0.3259092650481943,0.3656544134089092,False,False
1215,0.296827894130035,0.27044623650212063,False,False
1216,0.3993671872220916,0.37518594894090745,False,False
1217,-0.3314346923473585,0.37129841239665645,False,False
1218,0.196060634708612,0.16751658429972904,False,False
1219,-1.6759797844524815,1.7446964733881871,False,False
1220,-0.7322457306940271,0.7807105668283487,False,False
1221,-0.2193661579670308,0.2568249680176925,False,False
1222,-1.5741577676765424,1.6406894294984398,False,False
1223,-2.3297310377946556,2.4124767575772172,False,False
1224,-2.0892978954420216,2.1668840932298985,False,False
1225,-0.8465224489843345,0.8974395811529294,False,False
1226,-2.7915189650269157,2.884174320994077,False,False
1227,-0.8789774477432218,0.9305910408002592,False,False
1228,-0.2347308817619395,0.2725194077144373,False,False
1229,0.7162640705980211,0.6988832110991727,False,False
1230,-0.8584341191443613,0.9096068671718296,False,False
1231,0.7856834068937075,0.7697922363327871,False,False
1232,1.1919790682757605,1.184806709858347,False,False
1233,0.0176438677091915,0.014728877964190052,False,False
1234,0.1415419042497243,0.11182792116778097,False,False
1235,0.8760288446674704,0.8620764221042345,False,False
1236,2.592124258195393,2.6149980067017373,False,False
1237,0.59662709831226,0.57667891559064,False,False
1238,0.4594712626059014,0.4365798144754367,False,False
1239,0.8897546277786037,0.8760967506310422,False,False
1240,1.9312639762522112,1.9399561392802172,False,False
1241,1.13834507081319,1.130021765455337,False,False
1242,0.6800807668155482,0.6619234396888208,False,False
1243,2.054498212879824,2.0658348938314273,False,False
1244,-1.365728866361695,1.4277877941414416,False,False
1245,-1.0255260744966448,1.0802844954905737,False,False
1246,-0.6225151605394535,0.6686252577028414,False,False
1247,-0.2279673913395569,0.26561077766091373,False,False
1248,-0.3421603423417139,0.38225422711169743,False,False
1249,0.1450703377163327,0.11543207227422726,False,False
1250,-0.8891959053899492,0.9410287791853414,False,False
1251,1.8126137379773113,1.8187597523834436,False,False
1252,-1.3898851256414892,1.452462429339979,False,False
1253,-1.131566305420041,1.1886002733640169,False,False
1254,-0.1862219219928626,0.22296948062106053,False,False
1255,0.0013352121149624,0.03138750555653392,False,False
1256,1.4973463122406696,1.496726914851326,False,False
1257,-0.7383559418650855,0.7869518987285244,False,False
1258,-0.6085203747013952,0.6543301538444144,False,False
1259,0.1610095600573111,0.1317133388418948,False,False
1260,2.2571504610678645,2.272835913247791,False,False
1261,-0.6884490662854762,0.7359740575585668,False,False
1262,0.7809151954126053,0.7649217024689581,False,False
1263,0.7015552745944245,0.6838587749315234,False,False
1264,0.0528919678432545,0.021275621001302827,False,False
1265,-0.7608876458904026,0.8099671168873708,False,False
1266,-1.2281573975727031,1.2872641407571295,False,False
1267,-0.4083556292283762,0.4498700171590067,False,False
1268,0.8600043204810436,0.8457080231749781,False,False
1269,0.5506825733852947,0.5297484542633246,False,False
1270,-1.5934383102407002,1.660383718613742,False,False
1271,0.2991831365174613,0.2728520206941494,False,False
1272,1.5098789132879715,1.5095284564869405,False,False
1273,0.2259468332551824,0.19804411913309297,False,False
1274,-0.0234881415399769,0.05674355049484317,False,False
1275,0.0707223122653547,0.0394885917673357,False,False
1276,-0.4241168646078914,0.46596947729326366,False,False
1277,-1.2107971040978185,1.2695313078929518,False,False
1278,-0.954649259259556,1.007886714867637,False,False
1279,0.0030434546433366,0.029642605374347264,False,False
1280,-1.7081712422409017,1.7775787366657136,False,False
1281,0.491917049307607,0.46972186438147534,False,False
1282,0.7052674136643585,0.6876505738311766,False,False
1283,-0.4354038780641435,0.4774987019256124,False,False
1284,-1.531080014753994,1.59668725903715,False,False
1285,-0.3233817993107448,0.3630727100778585,False,False
1286,0.7758979747546408,0.7597968158707507,False,False
1287,1.778222755112563,1.7836307638062827,False,False
1288,-0.8169514652608805,0.867234025425663,False,False
1289,-0.6283581586289829,0.6745936423212945,False,False
1290,0.1407423562562124,0.11101121545042965,False,False
1291,0.7385817766361318,0.7216798390282,False,False
1292,-0.0969825938410473,0.13181514078705842,False,False
1293,0.3811513866273442,0.3565792503904966,False,False
1294,0.6890537958475916,0.6710890234585214,False,False
1295,1.8583371984880088,1.8654644054114025,False,False
1296,1.3153757397272874,1.3108513849677526,False,False
1297,1.091370558928826,1.0820392143926576,False,False
1298,0.8361442896300758,0.821335973253907,False,False
1299,0.5370477952611686,0.5158210836249731,False,False
1300,0.0036366305757142,0.029036700313864145,False,False
1301,-0.7317199438046491,0.7801734969311719,False,False
1302,-1.398587953876784,1.4613520139985214,False,False
1303,-1.509178264575442,1.5743155130807172,False,False
1304,-0.2867033357569845,0.32560715312430677,False,False
1305,0.8412588375722151,0.8265602757096799,False,False
1306,1.5919255485962116,1.5933357534715225,False,False
1307,1.5363956932189684,1.5366142674090206,False,False
1308,0.2923899384751079,0.2659130455165358,False,False
1309,-0.8961548090479895,0.948137015901758,False,False
1310,1.572886530957889,1.573888172232937,False,False
1311,-0.6148700426057759,0.6608160810468728,False,False
1312,-1.72328063992329,1.7930123711355346,False,False
1313,-0.5815808451748998,0.6268125214251217,False,False
1314,0.8132291932705431,0.7979291354375999,False,False
1315,-0.0853477818275606,0.11993065409103747,False,False
1316,-0.7944055035271181,0.8442042435982213,False,False
1317,0.528023701293671,0.5066033391030976,False,False
1318,1.6732042384551489,1.6763586254507903,False,False
1319,1.261281023098128,1.2555958346968024,False,False
1320,2.583666242420819,2.606358488002927,False,False
1321,-0.5252374898287641,0.569260078270549,False,False
1322,0.0237450785882863,0.008496739495758463,False,False
1323,1.56215121677461,1.5629224859424415,False,False
1324,-0.3001521385520593,0.33934455753704706,False,False
1325,0.6957352148286,0.6779138208766741,False,False
1326,1.3027930814413484,1.2979987119012277,False,False
1327,0.5959089861421072,0.5759453932507398,False,False
1328,-0.8073905108699616,0.8574678998425057,False,False
1329,0.8695457189488716,0.8554541731790257,False,False
1330,-0.8146774974150098,0.8649112598682906,False,False
1331,0.1705326959749095,0.14144083439454366,False,False
1332,-0.135532548453402,0.17119234964884944,False,False
1333,0.2763481744475761,0.24952703679160615,False,False
1334,0.9534013563138072,0.9411092921009928,False,False
1335,1.6885876519379954,1.6920721559027094,False,False
1336,0.8097243200004565,0.7943490501125168,False,False
1337,2.1825705157251405,2.1966555360153825,False,False
1338,-0.0207290161758587,0.05392521628845404,False,False
1339,0.7581690720792479,0.7416874637182171,False,False
1340,1.441119622452592,1.4392936408136259,False,False
1341,1.402386331018716,1.3997291608542242,False,False
1342,1.0967096347866845,1.087492862971441,False,False
1343,2.1285902285369205,2.141516870758724,False,False
1344,-0.0535251487218768,0.08742513020818808,False,False
1345,-0.5688355889977843,0.613793761233833,False,False
1346,1.2293861359828289,1.2230165062853529,False,False
1347,0.5701675316730681,0.5496515457163829,False,False
1348,2.160100142809628,2.173702965087766,False,False
1349,1.072209032916619,1.0624664958387555,False,False
1350,0.0919585974134462,0.06118059229324425,False,False
1351,0.9931539512661292,0.9817149490979038,False,False
1352,0.7364742892939358,0.7195271265261562,False,False
1353,0.070744763931644,0.039511525230206374,False,False
1354,-0.8647203062211386,0.9160279512938643,False,False
1355,1.1378355657835006,1.1295013268148262,False,False
1356,0.4251274265358836,0.40149898442925064,False,False
1357,-0.4458180775660789,0.4881363826450767,False,False
1358,0.708272892088463,0.6907205476567136,False,False
1359,2.096429366445448,2.1086658597397565,False,False
1360,1.0921032451213706,1.082787623502969,False,False
1361,-0.0040872161028553,0.03692629517686324,False,False
1362,-0.3887012707063815,0.4297938902647594,False,False
1363,0.1385141311653443,0.108735174254623,False,False
1364,-0.62962480267954,0.6758874676405168,False,False
1365,0.2582671087696648,0.23105796447226562,False,False
1366,0.5122782099814533,0.4905199608924782,False,False
1367,-0.0497628425790841,0.08358208768643974,False,False
1368,-0.8525900806846162,0.9036374198575655,False,False
1369,0.6133810880872006,0.5937924339143351,False,False
1370,-0.3287202020889559,0.36852567113319046,False,False
1371,-0.5922749430789686,0.6377361069647528,False,False
1372,-1.7516264901015457,1.8219665028344727,False,False
1373,-2.2016074477874983,2.281603727645882,False,False
1374,0.1785263112654347,0.14960598690953364,False,False
1375,-0.170485859627845,0.20689573369605427,False,False
1376,-1.7001574391649277,1.7693929631499452,False,False
1377,-1.8263113754838003,1.898254072044047,False,False
1378,-0.0135090446762403,0.04655030940268725,False,False
1379,-0.0164834360663451,0.049588529088874206,False,False
1380,2.422090521984503,2.4413154690268137,False,False
1381,2.8825800923724083,2.911686813796949,False,False
1382,1.3379246613600462,1.3338841902114904,False,False
1383,-0.2411233959776707,0.27904910067921557,False,False
1384,-0.2128999849100802,0.2502200355460359,False,False
1385,0.222926270160763,0.1949587369310851,False,False
1386,-1.6828349549873292,1.7516987509433306,False,False
1387,0.3691464959047654,0.34431674336294066,False,False
1388,1.04892368934237,1.03868146556928,False,False
1389,0.0738768966263742,0.04271087123575805,False,False
1390,0.1162418346091791,0.0859849302623047,False,False
1391,1.1568297463220705,1.148903108781805,False,False
1392,-1.2144116920546368,1.2732234623028906,False,False
1393,0.2209880181307602,0.19297889140909452,False,False
1394,1.7851697296127882,1.790726815373753,False,False
1395,1.2264671582056792,1.2200348893483277,False,False
1396,0.0963695167190854,0.06568616674896609,False,False
1397,1.0711001127116189,1.0613337790051707,False,False
1398,2.7856401924569485,2.8126666534777764,False,False
1399,0.7848664052903945,0.7689577024637444,False,False
1400,0.3687047080632488,0.3438654750726682,False,False
1401,1.0436723948820172,1.0333174821135431,False,False
1402,2.183255860189832,2.197355587478473,False,False
1403,1.1537425949478797,1.1457497093635207,False,False
1404,3.305107657770323,3.3432815163029157,False,False
1405,-0.0699825298066296,0.10423567483292052,False,False
1406,-0.4254150896828635,0.46729556134292966,False,False
1407,0.6882827081442997,0.6703013887687115,False,False
1408,0.0663799278686613,0.035053022930323925,False,False
1409,-0.3108485714745984,0.3502705282029625,False,False
1410,0.8860110238147253,0.8722728116234921,False,False
1411,0.8877931638926901,0.874093195143438,False,False
1412,-0.3419454589906502,0.38203473251875064,False,False
1413,1.2256306022111985,1.2191803814649722,False,False
1414,-0.8867807479833766,0.9385617942410263,False,False
1415,-0.1661781348236115,0.2024955682213832,False,False
1416,0.7566763053900412,0.7401626633314489,False,False
1417,1.8451332932086733,1.851977153838632,False,False
1418,-0.6396942136558552,0.6861729609210329,False,False
1419,-2.1236476371073376,2.201970955601203,False,False
1420,0.0946762345301455,0.06395654794431856,False,False
1421,-0.3854929316421252,0.4265167025559009,False,False
1422,-1.6790240436787398,1.7478060602239491,False,False
1423,-0.5019157644421982,0.5454378854612787,False,False
1424,1.020050884511044,1.0091890711501053,False,False
1425,1.0131935661635076,1.0021845996917604,False,False
1426,1.1975755939675017,1.190523332958947,False,False
1427,1.314330266938235,1.3097834770859456,False,False
1428,0.8640204719054736,0.8498103583152036,False,False
1429,-0.2087851646023613,0.2460169141593804,False,False
1430,0.1557857790354732,0.12637745924323898,False,False
1431,-0.4053216226180648,0.44677090295294236,False,False
1432,1.170476754253698,1.1628429716705149,False,False
1433,0.2955651594842988,0.2691564044807299,False,False
1434,1.3549803394752271,1.3513058708898307,False,False
1435,1.0016162676956462,0.9903588607406133,False,False
1436,0.7299204715669607,0.7128326685930074,False,False
1437,-1.3863050732111202,1.448805551564003,False,False
1438,-0.2047609291696862,0.2419063215339177,False,False
1439,-0.0222714702276264,0.05550077029278242,False,False
1440,1.6033198373195086,1.6049745554208514,False,False
1441,-0.240577115421136,0.2784910973355512,False,False
1442,-0.8080492534037819,0.8581407785164554,False,False
1443,0.3022952399488893,0.27603090762284016,False,False
1444,0.1210987058741939,0.09094602648512687,False,False
1445,-0.7579399969302731,0.8069562135044376,False,False
1446,0.6910295986071094,0.6731072255216257,False,False
1447,1.0208453925818175,1.0100006287916077,False,False
1448,0.6137389405718426,0.5941579656554528,False,False
1449,-0.1583073236114508,0.19445585507179497,False,False
1450,0.1835453368016426,0.15473271711737105,False,False
1451,0.4925339448617568,0.47035199806972305,False,False
1452,-0.1807084923897491,0.21733773679127652,False,False
1453,-1.3254103383522775,1.3866040595718037,False,False
1454,-0.3519927960894987,0.39229767823229456,False,False
1455,-1.9401449804655264,2.0145304641677226,False,False
1456,0.4191683997329583,0.3954120812048147,False,False
1457,-0.1666340219176983,0.20296123832402704,False,False
1458,-0.7733416277476765,0.822688352221787,False,False
1459,0.4832111861244377,0.4608291796472638,False,False
1460,0.4584512771383147,0.4355379408546496,False,False
1461,1.1711714411517662,1.1635525660488701,False,False
1462,1.2998879448025162,1.2950312331233753,False,False
1463,1.2625963059723633,1.2569393425938131,False,False
1464,-0.7853842481407242,0.8349893985713547,False,False
1465,2.0523707931677215,2.063661821225181,False,False
1466,1.1849463634536392,1.1776230882580445,False,False
1467,0.564200375352187,0.5435563385203934,False,False
1468,0.9421094126018312,0.9295750314131848,False,False
1469,-0.5814912701292749,0.6267210241635595,False,False
1470,-1.4164320258065406,1.479579006854634,False,False
1471,-0.809959319955934,0.8600918337205492,False,False
1472,0.4288673695008592,0.4053191838754993,False,False
1473,-0.903099930620907,0.9552311747794355,False,False
1474,-0.0098076172750783,0.042769452036499817,False,False
1475,-0.7447475679412106,0.7934806844948605,False,False
1476,0.6234216765967928,0.6040484862187598,False,False
1477,-0.0679465101554961,0.10215596366709467,False,False
1478,0.3935855481457088,0.3692802400558118,False,False
1479,1.5153292817170494,1.5150957858953318,False,False
1480,0.9531572565659958,0.9408599541484755,False,False
1481,0.8885468828683909,0.8748630883852773,False,False
1482,0.9129762041739068,0.8998166453238581,False,False
1483,-0.7541620847585502,0.8030972300596229,False,False
1484,0.5325386935938282,0.5112152198848117,False,False
1485,-0.975193507741643,1.0288718281193243,False,False
1486,-0.6005561966549559,0.6461950702755578,False,False
1487,-0.2185977703589113,0.25604009136515193,False,False
1488,-0.4650293087428858,0.5077598730005967,False,False
1489,-0.4365640930999067,0.4786838143400689,False,False
1490,1.7638444155918358,1.7689438754795204,False,False
1491,1.4521534344639269,1.4505642304804898,False,False
1492,0.1034611054170308,0.0729299358306401,False,False
1493,0.4855243928352903,0.4631920261073877,False,False
1494,0.5685817089743264,0.5480316924051649,False,False
1495,0.5488728233644882,0.5278998683110576,False,False
1496,-0.7926045379428038,0.8423646305901241,False,False
1497,-0.2363261464781864,0.2741489056620527,False,False
1498,-0.8307859134692887,0.8813653509244362,False,False
1499,0.2319385587004222,0.204164422689147,False,False
