timestamp,value,is_extreme
0,-1.1279988177088878,0
1,0.3915156568941677,0
2,-0.7958851360741555,0
3,0.04012723630851153,0
4,1.2224607907696041,0
5,0.28417686055594327,0
6,0.11913156926025878,0
7,-0.34070584268490184,0
8,0.016343699109999513,0
9,0.45141393748527864,0
10,-0.9530599629735883,0
11,-0.5920863261183088,0
12,-0.20047333654997215,0
13,-0.7893496560549264,0
14,-0.31471690514191897,0
15,-0.7268485344912957,0
16,-0.34633600125023134,0
17,0.024557782561303823,0
18,-2.436390631626569,0
19,-2.578794747689879,0
20,-1.4394133970943723,0
21,-3.136350069714666,0
22,-1.0910728745605736,0
23,0.1442337550301934,0
24,0.26324062640254114,0
25,0.20727632945705127,0
26,-0.6206923552265199,0
27,-0.9838400665796843,0
28,-0.4798511718475396,0
29,0.6489201760900482,0
30,-0.9341480825287113,0
31,-1.5359981109206073,0
32,-2.1446341362392736,0
33,0.4209108930264791,0
34,-0.2734023765842731,0
35,-1.9488702351018379,0
36,-1.9117254708454887,0
37,-0.6934517155992911,0
38,-1.044404913497946,0
39,-2.433482384543928,0
40,1.2763804448123834,0
41,-0.5532628490866301,0
42,-0.30001432123055316,0
43,-0.18917271237861988,0
44,-0.4100980743202205,0
45,-1.8224260147310198,0
46,0.622951767496045,0
47,1.5079295952121348,0
48,0.10433278405630726,0
49,0.7223445561556435,0
50,-1.759332149821711,0
51,-1.4487789658479768,0
52,-2.4614059948974947,0
53,1.2994509628103128,0
54,-1.342625262071734,0
55,0.9953936711108864,0
56,-1.043815552923836,0
57,0.19481689540774094,0
58,-1.6484190965484073,0
59,-1.6214862028912356,0
60,0.7383616694074906,0
61,-0.48801790732362094,0
62,-1.2296099403600387,0
63,0.24509171120826165,0
64,-0.04246439604211133,0
65,-1.5471858220639727,0
66,-0.7875588848170887,0
67,-0.5949107638172518,0
68,-0.10967620854475872,0
69,-1.2354718368726054,0
70,-2.518834987079471,0
71,-0.4328914445546314,0
72,0.5165969057998732,0
73,-0.3227432776202644,0
74,-0.770590731795572,0
75,-2.0749123694388345,0
76,-0.15566167971757827,0
77,0.40736215684768357,0
78,-0.521248399320617,0
79,-0.4040863268425668,0
80,-1.9153993184798588,0
81,-2.1721566985313214,0
82,-0.03560805277745679,0
83,-2.2343843953040357,0
84,-0.8322244758234341,0
85,0.37538629319255307,0
86,0.4776187500781018,0
87,-0.6418746415241062,0
88,-0.4035275979629354,0
89,-0.39858717360771356,0
90,-0.6192387124841792,0
91,-0.3458784238329181,0
92,-0.29066922530885286,0
93,-1.0138043229630473,0
94,-0.6868798684276161,0
95,-1.7108432620352778,0
96,-2.0973711930161945,0
97,1.4330328908009204,0
98,0.7603084577627598,0
99,0.15228771768830046,0
100,1.0283540280044268,0
101,0.49689852256243794,0
102,-1.737085739016055,0
103,-1.5517182494672233,0
104,-0.11422104059894851,0
105,-1.2492883314790557,0
106,-1.5699628007684014,0
107,0.3304818930522558,0
108,0.5274088898942146,0
109,0.18044677690073488,0
110,-0.8307927260057875,0
111,-0.11072204797405549,0
112,0.5667902214483945,0
113,-1.643704198609912,0
114,-0.009715800883014616,0
115,1.2045626308699566,0
116,1.3687465933091345,0
117,0.9750748753586279,0
118,-0.3732515987692953,0
119,1.266589314018387,0
120,0.2744762110344318,0
121,-0.10535184818653826,0
122,1.9103142006630864,0
123,0.16058184530794967,0
124,-0.31784775900845413,0
125,0.8902100895285683,0
126,0.5960140551368573,0
127,0.6813334992277179,0
128,0.9644309147626972,0
129,0.25557143945139915,0
130,-0.1208131926282256,0
131,1.0434797417170685,0
132,0.8803947191002808,0
133,3.382158244086848,0
134,0.6884146333909722,0
135,1.5134236603614502,0
136,1.6098864142650593,0
137,0.3408638576799494,0
138,-0.3581768408448972,0
139,-1.1812832217205873,0
140,0.5182877109442322,0
141,0.5690650231870789,0
142,-2.126931327852973,0
143,0.49519270041526536,0
144,0.5143166876075536,0
145,-0.610062452965625,0
146,-0.09402856291300539,0
147,-1.0268981304821432,0
148,-0.4461755770812301,0
149,-1.044072798987136,0
150,0.3084003110275907,0
151,-0.1485057707517516,0
152,-0.5774529283776003,0
153,1.3843183396987484,0
154,1.336459131148648,0
155,1.7273635324783088,0
156,-0.6257628526577774,0
157,-1.7308997895860097,0
158,-1.7748289732506954,0
159,0.7795627925728085,0
160,-1.3646242026931013,0
161,-1.0341569039177272,0
162,0.34900022584883417,0
163,0.4519834877543508,0
164,0.1694097343335817,0
165,0.47301039542360496,0
166,0.28417823697104116,0
167,-1.179607727621884,0
168,-2.1203668117113956,0
169,-1.2498159586411162,0
170,-0.7997030275173009,0
171,0.11460845988042188,0
172,-0.37381379552377647,0
173,-0.436098951969526,0
174,-0.9065784905129299,0
175,-2.011457035234907,0
176,-1.425891434350832,0
177,-2.2899811713778915,0
178,-1.8779503637354615,0
179,-0.5217358583955368,0
180,-0.8480090424325986,0
181,-0.9240424746948104,0
182,0.4821635304897865,0
183,-0.08007117890518187,0
184,-0.19992465127431128,0
185,-0.12063775274612759,0
186,0.9811473046876078,0
187,1.3076592682253745,0
188,-0.6363849423943291,0
189,-1.612865796894074,0
190,-2.007776341722592,0
191,-1.3033358120114247,0
192,-0.5926974082249303,0
193,0.8951698068521856,0
194,-0.3239252337579363,0
195,-0.06122083386127513,0
196,-0.4179415319316469,0
197,-0.941508719286907,0
198,-0.0496247744330302,0
199,-1.3325162229644838,0
200,-1.5726531763713778,0
201,-1.047908850299386,0
202,-2.0923199772624756,0
203,-0.6598073631558767,0
204,-0.024310205940244307,0
205,0.5497879331168907,0
206,0.1694577826926752,0
207,-0.5323431168925467,0
208,-0.49198842856037506,0
209,-0.6342903879193837,0
210,-0.6562725818763332,0
211,-0.5904425277800133,0
212,0.1481712597000139,0
213,1.190340217543365,0
214,-0.022050502881406215,0
215,0.8071903569548715,0
216,0.7949705580780938,0
217,-0.29257415298581274,0
218,0.9499778333221166,0
219,2.3433094278828466,0
220,-0.34005654130435675,0
221,1.9019749636477825,0
222,0.7717516480134243,0
223,-0.4935637442529706,0
224,-0.5506059404723648,0
225,0.3397353513373773,0
226,-1.0870277836960793,0
227,-1.9735361681255599,0
228,-0.2866498773818716,0
229,0.3744123039954327,0
230,0.18755321710334566,0
231,1.9668202568006157,0
232,-0.8325212069621919,0
233,-0.32756517044120115,0
234,-1.8821009422107016,0
235,-1.2976715413872566,0
236,0.21100890768249983,0
237,-0.10415229272648756,0
238,-0.978501091305028,0
239,-0.16149291692452544,0
240,-0.7377062551838857,0
241,-0.08087041583392737,0
242,-0.14276173198051212,0
243,-0.4137356147943999,0
244,-0.7653358009496324,0
245,0.37464358712671875,0
246,-0.8110035148368242,0
247,-0.36916736275337986,0
248,-0.48998566532452087,0
249,-0.37339560433102054,0
250,-0.3478308960178824,0
251,0.40047647904135014,0
252,2.087287448514282,0
253,-0.34867436316779093,0
254,0.7601064823970594,0
255,-0.09782387265935888,0
256,-2.3164392134828273,0
257,-0.7649109381364989,0
258,1.381802574045097,0
259,0.0421292387548277,0
260,0.21942745052534748,0
261,-0.1469775359279301,0
262,0.18001982283286722,0
263,0.9353583846059518,0
264,-0.13004335341329426,0
265,-1.2061499181109048,0
266,-1.0774091758866244,0
267,0.31012398047947515,0
268,-1.9480612769037262,0
269,0.8659784970023969,0
270,0.0585637750957574,0
271,-0.08051972545413523,0
272,-0.43364787226565904,0
273,0.241014116087042,0
274,-1.3522391638940185,0
275,0.02578483775305824,0
276,-0.014053378645974736,0
277,-0.42446440323199575,0
278,0.25093602342497245,0
279,0.6352465156507279,0
280,-0.8476379434567848,0
281,0.3786889686860967,0
282,-1.4771997491062865,0
283,-0.1679055072206395,0
284,0.4528199215020183,0
285,0.04193332939690451,0
286,-2.395787364920798,0
287,-0.3764253915089505,0
288,0.18419874256411845,0
289,-1.5995105642482708,0
290,-0.5016737145442018,0
291,0.6954534965289313,0
292,1.2145217226513902,0
293,-0.5271200864672517,0
294,-0.9141887198417394,0
295,0.08697908341874662,0
296,-0.2037535007603819,0
297,0.6714486637712761,0
298,0.5958387835949104,0
299,-0.7858025366733236,0
300,-0.4184490361838228,0
301,-1.898334137413152,0
302,-0.11685713194950355,0
303,-1.3949874729618743,0
304,0.3193763492404415,0
305,-1.4801027204038728,0
306,1.0130272125840993,0
307,-0.07217980221883573,0
308,0.805712145072327,0
309,0.5132050699834175,0
310,0.18885090970546056,0
311,-0.091160120287548,0
312,0.4782735281038092,0
313,-0.5978238169602632,0
314,0.1425260658245467,0
315,-0.24999603888787114,0
316,0.02424149014467372,0
317,-0.19421740939545606,0
318,-0.22424790031655875,0
319,-1.0886023037690924,0
320,-0.276957781967572,0
321,-0.45783100816067923,0
322,-0.7548276236643066,0
323,-0.627683917433096,0
324,0.4300807837606492,0
325,-0.5456339542588273,0
326,0.035660319457357176,0
327,-0.5316705596426341,0
328,0.7749920011942507,0
329,-0.2682352139809295,0
330,-0.5499298595873818,0
331,-0.2870335254102292,0
332,1.237178673716824,0
333,0.3829612180379617,0
334,0.9905403980196885,0
335,1.3740288377619856,0
336,-1.7672568362115693,0
337,-0.7259029836710976,0
338,-1.1464759845065302,0
339,0.18656693265378133,0
340,0.11929961922526056,0
341,1.040753258013109,0
342,1.2190796459525295,0
343,-0.26416125321012324,0
344,0.7018795192899104,0
345,0.8425216253504261,0
346,-1.033769006510598,0
347,-1.0032566861993544,0
348,-1.909855764698982,0
349,-0.975599902990616,0
350,1.7912593150914562,0
351,1.1020905702884758,0
352,0.11565616761160438,0
353,-0.5758932684927044,0
354,-0.4373789265872265,0
355,0.947902400075143,0
356,0.250575202225034,0
357,0.6253413874004503,0
358,0.9270830941422125,0
359,-0.12236706088797908,0
360,-0.05267144689779923,0
361,-1.910681295859989,0
362,-0.32961493689303345,0
363,-1.971203900109197,0
364,0.6881539412544275,0
365,-0.028379618180529,0
366,0.5273565583191183,0
367,-0.4530850497596095,0
368,-0.4972281478511831,0
369,-0.20794751297812591,0
370,-1.6469735764886455,0
371,-0.8605546280086297,0
372,1.1145226450639474,0
373,-0.43888829294438575,0
374,0.06259669328871259,0
375,-0.7337867763890947,0
376,-0.14929516716014943,0
377,0.986258344495489,0
378,0.4437640142665683,0
379,0.6513082821621721,0
380,0.6854982204796309,0
381,0.9677873029824435,0
382,0.547368396910766,0
383,0.09969306398691682,0
384,-2.2828982702885923,0
385,2.109053703448797,0
386,1.2082962859603155,0
387,0.7122203992592665,0
388,1.1072910589400564,0
389,-0.4872786128781756,0
390,-0.017136121845268873,0
391,1.8395410259769576,0
392,-0.017595238200341194,0
393,1.23591885638297,0
394,0.23776663027308534,0
395,0.889505445915231,0
396,0.3216602929830986,0
397,-0.35369732732822545,0
398,-0.5717555719204606,0
399,0.6407811271135581,0
400,-0.5162006177079483,0
401,0.12039639633425407,0
402,-0.8969504754798547,0
403,-0.6627557984371042,0
404,0.42065520133491224,0
405,0.9839220603490856,0
406,-0.14837633436744468,0
407,1.338761974556675,0
408,0.06925052887325353,0
409,-0.6040714074836413,0
410,-0.08545423417107247,0
411,0.8167867933763254,0
412,0.3211534766434486,0
413,-0.3451361722142167,0
414,-1.1576836085244238,0
415,-1.1709641868962957,0
416,0.9655139411555911,0
417,-0.22363742157950203,0
418,2.24786270385841,0
419,0.5167391039005919,0
420,0.8983944843295768,0
421,-0.05298495672734595,0
422,-0.07437141443699367,0
423,0.25651056655561344,0
424,-0.8916052696222528,0
425,1.5102341990362333,0
426,1.042827967116093,0
427,-0.6482238805421321,0
428,0.875631178037563,0
429,0.8740799015040929,0
430,0.6180566884865899,0
431,1.3958094243313874,0
432,-0.2940587498241787,0
433,-0.8712064348569477,0
434,-1.9228229361785978,0
435,0.5751883437716518,0
436,1.4946413751645142,0
437,0.3910823273781805,0
438,-0.47764036613138466,0
439,0.8317222992516414,0
440,-0.37853480894791286,0
441,1.373557517585368,0
442,0.96527219937756,0
443,0.9193885046133483,0
444,1.242957279573409,0
445,0.47439033425180716,0
446,0.9090050288213816,0
447,0.6282330564735501,0
448,0.45187859641545836,0
449,0.20344915031090366,0
450,-0.26369260046271037,0
451,0.8283602597449041,0
452,1.1144537302499726,0
453,0.5248682135411176,0
454,2.105937359594552,0
455,-0.730727867850227,0
456,1.7024118549130494,0
457,1.0887535113625322,0
458,0.673526816945233,0
459,0.9433201925442156,0
460,0.14744422181500855,0
461,1.3811998331399702,0
462,1.500765358393419,0
463,0.6441397109579408,0
464,2.4345286664764707,0
465,2.1910359434240356,0
466,1.4123359956254058,0
467,2.044015598868554,0
468,0.9307496211988733,0
469,0.5819959862608048,0
470,0.36823877747901596,0
471,-0.07670107798322476,0
472,2.1534391035583993,0
473,-0.32212358362608917,0
474,-0.1625957704699265,0
475,0.04165365937498459,0
476,-0.34158772511120583,0
477,1.596683088271765,0
478,-1.4054031744344082,0
479,0.43603050382427405,0
480,-0.3733120868880239,0
481,-0.5539541124501093,0
482,0.6279064775480908,0
483,0.9476536639108752,0
484,2.0748819899159456,0
485,1.3067877488013389,0
486,1.291903830054439,0
487,0.8034611624271679,0
488,0.742466345139297,0
489,-0.5515012482681051,0
490,0.7324516654469041,0
491,-0.18679506617454708,0
492,0.10089152113074784,0
493,-0.08290359155198462,0
494,-0.4059430448916014,0
495,-0.10990207599949775,0
496,-1.4825560159302282,0
497,0.36183938676927363,0
498,0.5162186130193666,0
499,0.32288448384218155,0
500,0.8952419677439681,0
501,1.1990112339880472,0
502,0.5004718023286737,0
503,-1.3725231926633388,0
504,1.5156754463262212,0
505,1.3864356917550364,0
506,-0.07056103955696799,0
507,0.1268528166774118,0
508,-0.4174573234142172,0
509,-0.15475604279247757,0
510,0.8975786848610015,0
511,-1.0129861855795643,0
512,0.0316627731719286,0
513,-0.7433098894107443,0
514,-1.5340608322460398,0
515,0.2595590689811378,0
516,0.17483755427337713,0
517,-1.0678827269284281,0
518,-1.1161576105339037,0
519,-0.12848697658717514,0
520,-0.20626047341752637,0
521,-0.3691585149378586,0
522,-0.018902157744157665,0
523,-0.0010316383288977214,0
524,1.1325323703966845,0
525,-0.9125599087942522,0
526,-1.0897239729669075,0
527,-0.18854473321985019,0
528,-0.16528377183878087,0
529,0.7882453673373625,0
530,0.6872779963164843,0
531,1.8523958848152038,0
532,-0.457080492075964,0
533,-0.16253484613357666,0
534,-0.3720520622267584,0
535,0.5195329260690202,0
536,1.8185872436850554,0
537,0.9705830646050846,0
538,0.18966098274720736,0
539,0.038108492159094676,0
540,0.4417389844050886,0
541,0.22014610500191625,0
542,0.5013090013738223,0
543,0.41554567183467495,0
544,-1.2569679422681574,0
545,0.45044555075415094,0
546,1.3795062688103277,0
547,-0.2270500297619626,0
548,-0.191271943363334,0
549,0.45035792057031127,0
550,1.5784641637715846,0
551,1.528036336580471,0
552,2.7402085296460204,0
553,-0.1513724517042481,0
554,-0.34175343523416946,0
555,1.1752112018089662,0
556,-0.29742942830449953,0
557,1.3710733748182522,0
558,1.8554736421956048,0
559,1.1948765862307689,0
560,1.4266031368813379,0
561,1.7284055492208787,0
562,1.4187787347302971,0
563,1.5584470398413692,0
564,1.6482128511561982,0
565,0.7553345888021159,0
566,-0.1338850253993247,0
567,2.2853116797770126,0
568,0.10640179105325344,0
569,-0.5980878759233537,0
570,1.4684752006395696,0
571,-0.809035408911624,0
572,0.7981845946905719,0
573,-0.9355092323321577,0
574,-1.3218032933753294,0
575,1.448780290209207,0
576,0.8680185118120083,0
577,1.505497502558014,0
578,-0.4528136244611076,0
579,0.8691422552624307,0
580,1.6452269119699412,0
581,0.8160938521178581,0
582,0.37110081676655315,0
583,1.8465965743602866,0
584,1.2905235892125912,0
585,-0.3529384907040394,0
586,-0.3796365432287189,0
587,-0.047090598137200415,0
588,0.025059270612930964,0
589,-0.9778801287195383,0
590,-0.08690996088477032,0
591,0.8987032688991414,0
592,-0.060387611431606626,0
593,0.7763499099178953,0
594,-0.6958763990947218,0
595,0.8472286525914023,0
596,0.3777617132092913,0
597,0.00294363215163904,0
598,0.9350630288930458,0
599,0.792714350628522,0
600,1.769194792718277,0
601,2.025469008526378,0
602,0.4650392496700899,0
603,-0.5971202431086376,0
604,-0.31736451176836755,1
605,-0.6476086974213179,1
606,1.3455952381345802,1
607,0.11906491497768,1
608,0.20573710581496593,1
609,1.5947935511337517,1
610,1.0726663624304846,1
611,0.8686312511811686,1
612,1.9974161405632902,1
613,0.3073345504766235,1
614,1.179414506281362,1
615,2.895615965495599,1
616,2.9772840425438654,1
617,1.565420025292879,1
618,2.1781144558859817,1
619,3.373313021098337,1
620,5.532639169243485,1
621,4.203824968562499,1
622,4.410264879027926,1
623,4.98968731742717,1
624,3.5147923581574223,1
625,2.8273468451921326,1
626,4.334366656188494,1
627,4.545469922320702,1
628,6.002801068280348,1
629,5.703173666162303,1
630,7.171431683341217,1
631,6.295168734664038,1
632,6.367844533125761,1
633,7.184992835954907,1
634,6.543339093940948,1
635,7.304474498124422,1
636,7.886149045016817,1
637,8.260048123545014,1
638,8.88528342869828,1
639,9.22307716776043,1
640,8.971508153243295,1
641,7.677340075585222,1
642,8.74503776886886,1
643,8.112907044244514,1
644,7.370582945461526,1
645,7.2892735383312095,1
646,7.351697957681366,1
647,7.418720932272679,1
648,7.179762129424152,1
649,6.806918146765886,1
650,6.858554948813523,1
651,8.132474089087083,1
652,6.98670141071694,1
653,7.239577532039986,1
654,7.096964288850485,1
655,5.9867339011833804,1
656,7.409282796309782,1
657,5.844533466885187,1
658,6.688950213817618,1
659,6.359525341377986,1
660,5.1472330462990055,1
661,4.107812505368056,1
662,3.452791200241315,1
663,2.9109817348937637,1
664,1.866006833241583,1
665,2.90180798011342,1
666,1.9146528118965342,1
667,3.0337565784701734,1
668,2.253154558141952,1
669,1.9247809948906198,1
670,2.328379286416863,1
671,1.1310020014972582,1
672,1.5804550954435521,1
673,-1.2075459010400995,1
674,0.9104193926901747,1
675,0.6675329608157421,1
676,0.6826352730986512,1
677,-0.6477949496401486,1
678,0.5821265844283676,1
679,0.8160924792047771,0
680,0.3074158751547552,0
681,0.305696786837725,0
682,0.4206859373098822,0
683,1.0054099942236117,0
684,0.4259865897449478,0
685,-0.16345153425355258,0
686,-0.21165861276000672,0
687,-0.6437110925856949,0
688,-0.05802793469713936,0
689,0.7198755569217753,0
690,1.9423419816705432,0
691,-0.29894609224407104,0
692,-0.7043149934168759,0
693,0.36004157519547403,0
694,-0.7459812024508148,0
695,0.5366027022591869,0
696,-0.745164207211574,0
697,0.033579233803616236,0
698,0.7056023961369693,0
699,-0.28114100039053685,0
700,-1.0503495880864537,0
701,-0.05781031801135376,0
702,-0.17415461540464752,0
703,-0.10773214379620454,0
704,0.9736782091256776,0
705,0.4012166705922931,0
706,0.35024962570061685,0
707,-0.010263818055343432,0
708,0.5888348607211668,0
709,-0.13550462513993425,0
710,-0.16645276348992036,0
711,-1.725314960821758,0
712,-0.2205759909444345,0
713,-0.303551435831653,0
714,0.22351471760156208,0
715,2.010612476854238,0
716,-1.442159077489938,0
717,-0.2735908818209625,0
718,-0.2509018994175258,0
719,-1.4409750037127043,0
720,0.43034661765640675,0
721,-0.20096644806491515,0
722,-0.15598776729590366,0
723,0.06097274444124968,0
724,1.1176851473182652,0
725,-0.7272037540772759,0
726,0.01968500046489547,0
727,0.18254944486009497,0
728,-0.9808498595423616,0
729,-1.208702676859377,0
730,0.8760915417117048,0
731,-0.5186166751876566,0
732,0.37350587456909606,0
733,-0.0035698521719874396,0
734,1.5274013735180398,0
735,0.3592172196699377,0
736,1.4736419169127914,0
737,0.289554131193111,0
738,1.2819309141522854,0
739,2.0985730184723286,0
740,1.07231195075185,0
741,-0.09540920214588937,0
742,-0.3134610046734938,0
743,0.31397468270418954,0
744,1.3730738281233288,0
745,0.5790809118533903,0
746,-0.46283985555052665,0
747,-0.33074584573684124,0
748,0.5509516871991804,0
749,0.8392391426180522,0
750,0.5585295552617046,0
751,-0.2376545439744099,0
752,0.19104701668998297,0
753,-0.33570506279705675,0
754,1.5066563803688455,0
755,1.2271349844476322,0
756,-0.7247162055115571,0
757,0.7153584300411799,0
758,-0.8136659197527268,0
759,1.9140997046894175,0
760,1.41148576367771,0
761,0.8666888415437258,0
762,-0.5144649533396931,0
763,0.8174797730491974,0
764,0.3858157458920836,0
765,-0.042192470845430555,0
766,0.10628687386404982,0
767,-0.6184720305971844,0
768,0.2471422049129268,0
769,0.31409632595521775,0
770,0.05285000888990551,0
771,-0.5707343962242528,0
772,-0.47495607182784877,0
773,0.3186219352812869,0
774,0.4096537275808203,0
775,-0.8064482333206906,0
776,0.0015416282657370066,0
777,-1.1015168558963895,0
778,-0.25464671519554255,0
779,-0.1759829350938495,0
780,-1.1201437065250774,0
781,-1.1401619737799613,0
782,-1.1851092007107131,0
783,-1.153793712672299,0
784,0.45639460969695284,0
785,-0.16820869249754034,0
786,0.1534142406660605,0
787,1.8020546228196377,0
788,0.7405561731269581,0
789,-0.09621031993517737,0
790,0.03901008914811789,0
791,0.667485187443813,0
792,-0.08692975113656552,0
793,-0.002236419580805851,0
794,-1.2271399484198369,0
795,-0.970398607346198,0
796,-1.2347743383155103,0
797,0.7958817948717286,0
798,0.7567818795817597,0
799,0.01947510857520151,0
800,-0.4159323812344679,0
801,-0.7464603666684434,0
802,-1.4008691259395387,0
803,0.8532453517689557,0
804,0.6086363823681655,0
805,1.1506794778027902,0
806,0.21597856900504428,0
807,-0.15351142307567214,0
808,1.3880983449359037,0
809,-1.534442824146737,0
810,0.20459636051406366,0
811,-1.0186393185108138,0
812,0.03504198031878763,0
813,1.8886648815154334,0
814,-0.1171254607045997,0
815,1.2462066417410314,0
816,0.9926084097925482,0
817,0.4182514237792181,0
818,-0.4103836136854744,0
819,0.3467837782245253,0
820,-0.34476854498462517,0
821,0.15782352808661623,0
822,-0.3018597431599128,0
823,-1.039837224379102,0
824,-0.8889080153438926,0
825,-0.3368734008800531,0
826,-1.0781844225076849,0
827,-0.2256196615470385,0
828,-2.0047479366216048,0
829,-0.4905146056526986,0
830,0.7982466871096201,0
831,-1.2389816811405074,0
832,-0.9710147373435014,0
833,-0.3958290207678378,0
834,-1.2299004067216979,0
835,0.11019762162970567,0
836,1.3658723959687658,0
837,-1.4767474259818676,0
838,-1.3496611170145938,0
839,-1.9113070678510338,0
840,-0.03194391631043869,0
841,0.09761834398550959,0
842,1.2994509390019682,0
843,1.1532573163994815,0
844,-0.2970146888178675,0
845,0.0886784183915017,0
846,-1.7061644552903201,0
847,-1.5344348415159195,0
848,-1.1262885792346016,0
849,-0.592609310364149,0
850,0.9084769993409539,0
851,0.3193705287467793,0
852,0.6361913945155103,0
853,-1.1405775649260033,0
854,0.601656074595072,0
855,-0.7117778525798284,0
856,-2.217913424503001,0
857,0.5340488635488049,0
858,0.5996830017245324,0
859,0.6435178683578693,0
860,-0.9084412093710088,0
861,-1.0785536188481302,0
862,-1.7895775566330407,0
863,1.0174075038186987,0
864,0.27670901654414465,0
865,-0.4491936433301774,0
866,-2.005269332712045,0
867,0.5187733551684944,0
868,0.06767313470352995,0
869,-0.2205705322691987,0
870,-0.11863332699804664,0
871,0.9463789889749258,0
872,-0.6282574371937113,0
873,0.6244202485054404,0
874,-0.11823979406366013,0
875,0.004484263150656286,0
876,-1.111160982830451,0
877,-0.5140696578116952,0
878,1.09313967233301,0
879,-0.4073564870884214,0
880,-1.9660198640206665,0
881,0.020803168542726867,0
882,-0.020889562290962463,0
883,-2.1314579075490623,0
884,0.42021053068431896,0
885,1.076708856785022,0
886,0.29618139220970896,0
887,0.6931192226983938,0
888,-0.4972300535784602,0
889,1.6688898029401413,0
890,-0.32013524959876133,0
891,-1.1228443068036031,0
892,-0.33093267887988426,0
893,0.3756027658516614,0
894,-0.07312840307547933,0
895,0.3220374773760484,0
896,-1.6342741913733807,0
897,-0.8008614970383089,0
898,-0.300343377569348,0
899,0.565115621153723,0
900,-1.7076345314849732,0
901,-0.15131822000417472,0
902,1.6765722386914161,0
903,0.3170892793848429,0
904,2.2973340533260345,0
905,0.1271062953807512,0
906,1.4060639024732156,0
907,-0.8479014736626115,0
908,-0.10679276140243939,0
909,-0.5444779652195819,0
910,0.5092691293538872,0
911,0.07725600268659161,0
912,0.21541177984634366,0
913,0.5836404767389388,0
914,1.3287873819969755,0
915,1.5529127865404417,0
916,0.7317003863961963,0
917,1.0801375888783098,0
918,0.7002236781745352,0
919,0.7276708038587182,0
920,-0.11022611256207157,0
921,-0.9409161509302413,0
922,-0.0011448292500572431,0
923,-1.2864102100864931,0
924,0.6919875717079909,0
925,0.04809351860442008,0
926,-1.7107738913123616,0
927,0.14969934195074452,0
928,1.1069971018282645,0
929,0.6640546135274084,0
930,-0.056568175714487474,0
931,-0.5638560179295362,0
932,0.6286612383060457,0
933,1.2730807190346367,0
934,0.7103148519655881,0
935,-0.6054311922828061,0
936,0.5546717934848533,0
937,-0.2739324298387192,0
938,-0.8449072166400217,0
939,-0.5442179621003816,0
940,0.5466824075629463,0
941,1.2185087575627134,0
942,-0.23645533389089604,0
943,0.6435401544980244,0
944,0.8447394899762364,0
945,2.3661297095863225,0
946,0.694053875676337,0
947,0.6066702976552429,0
948,-0.2681013465205184,0
949,-1.0168440661950797,0
950,-0.5681321250026867,0
951,0.6585045227403181,0
952,1.1559877224674133,0
953,0.03543084175605578,0
954,-0.13181656172865278,0
955,1.4887820742253253,0
956,0.6099970139489648,0
957,-0.3478590890058921,0
958,0.5246796286228248,0
959,-0.5748047127360967,0
960,0.13971834910248557,0
961,-0.34346335995020444,0
962,-0.5294315208396182,0
963,-0.672303844911383,0
964,0.2933198905273676,0
965,0.9619483012851363,0
966,-0.21291334366364367,0
967,1.5684834989910577,0
968,-0.0857825905041066,0
969,0.4215463062653405,0
970,0.08240100399404528,0
971,-0.2550370780048001,0
972,1.243492789794765,0
973,0.28760272224378247,0
974,0.8584111594860475,0
975,0.06193507753804547,0
976,-0.23553366254661304,0
977,1.1873978020797682,0
978,-0.37473944996960046,0
979,-0.1604740993728933,0
980,0.06641782435997726,0
981,-0.5332648346959027,0
982,0.31895383301960173,0
983,0.3977665924428316,0
984,-0.21780219959182898,0
985,0.034763251816214785,0
986,1.5047891565229454,0
987,-0.24300720058264047,0
988,-0.591157311027329,0
989,0.729613775450906,0
990,1.2938133321356098,0
991,0.856362092454255,0
992,0.399710369683223,0
993,0.02121551519028496,0
994,-0.7520854642665192,0
995,0.20222442793086626,0
996,1.2495477228633203,0
997,0.1753617029853988,0
998,-0.675200695834936,0
999,-0.04501470367649983,0
1000,-0.48910443950551363,0
1001,-0.16138303801374104,0
1002,0.018801321099815665,0
1003,1.4558112226809279,0
1004,-0.7963258631907979,0
1005,0.496218375610799,0
1006,-0.15764496521940247,0
1007,-1.3616249883909237,0
1008,0.6816755783031387,0
1009,-0.6592952095455978,0
1010,0.6082243587058161,0
1011,0.7722679482246659,0
1012,0.486139159151775,0
1013,-0.8169972808117862,0
1014,-0.8357503479488579,0
1015,-0.33251892887630363,0
1016,-0.06893741851845904,0
1017,-0.1291536195513777,0
1018,-1.5358367355287965,0
1019,1.1541177423688533,0
1020,0.7406625857200296,0
1021,-0.09714761840260704,0
1022,0.05126838791410576,0
1023,0.30608394869626154,0
1024,2.2682301027442953,0
1025,1.1620875127244155,0
1026,1.0888372954992147,0
1027,0.5837210529141437,0
1028,0.8566007093870028,0
1029,-0.21205600697453797,0
1030,-2.219377681749181,0
1031,-1.705631743187417,0
1032,0.672245297923068,0
1033,-1.0720303934646602,0
1034,-1.3643775922571615,0
1035,-1.1844958484632806,0
1036,-2.101344078234853,0
1037,-1.2530813242423797,0
1038,-0.395433714329407,0
1039,-0.2944995011122876,0
1040,1.9132620448297382,0
1041,0.012313260739408015,0
1042,-0.013619132502755697,0
1043,-1.1016458748578393,0
1044,-0.08555918722800215,0
1045,-1.9717616129727213,0
1046,0.7828250437719599,0
1047,-0.5074756991904854,0
1048,-0.40336589167827513,0
1049,-0.0826679449561731,0
1050,0.4268761886002467,0
1051,-0.08267057316973109,0
1052,0.43439724196232843,0
1053,-0.9866560826238114,0
1054,-1.3954672477035932,0
1055,0.8243434163277005,0
1056,0.3461696671561103,0
1057,0.77043287898985,0
1058,-0.43404716317755904,0
1059,-0.028230652327540573,0
1060,0.03262759167389324,0
1061,-2.690475888441486,0
1062,-1.7495748032637324,0
1063,0.6085562156624615,0
1064,0.884871443984387,0
1065,-0.10038284822536855,0
1066,-0.2074226617333508,0
1067,0.1582289579039027,0
1068,-1.2210115677963802,0
1069,0.8534081368671022,0
1070,-0.30831520672117185,0
1071,-1.342553841025715,0
1072,0.012195203269546491,0
1073,-1.6604556446765846,0
1074,-1.7649062904530877,0
1075,-1.2636619608721835,0
1076,-0.5779949840084572,0
1077,-0.3803087263681925,0
1078,-1.5398362584881207,0
1079,0.9432079430677529,0
1080,0.38847900041163724,0
1081,0.7972980275480842,0
1082,0.48905447148290165,0
1083,0.9712977611335392,0
1084,0.5005210170926756,0
1085,-1.0248006709165198,0
1086,0.7204945972904789,0
1087,-0.8369601316678238,0
1088,-0.673046913074464,0
1089,1.3850917758088788,0
1090,-0.9524717356154049,0
1091,-0.36577204003606184,0
1092,-0.5418606511237151,0
1093,0.6664006983275735,0
1094,0.32024386527348897,0
1095,-0.7350181161081548,0
1096,0.7034886736979444,0
1097,-0.6461534300748893,0
1098,-0.3680358177197496,0
1099,-0.6412169276773271,0
1100,0.7657891381257036,0
1101,0.2184624177881578,0
1102,-0.28424283351293456,0
1103,0.2576010451370142,0
1104,-1.9229090701883798,0
1105,0.7758846437514135,0
1106,0.032063314730013566,0
1107,-0.7053628947639196,0
1108,-0.7904880503686446,0
1109,-1.9845445750941535,0
1110,-0.5067167717316787,0
1111,-0.455977651802166,0
1112,-0.33371839358739663,0
1113,0.12137318845600144,0
1114,-1.476677933553464,0
1115,-1.4029944242087597,0
1116,-2.370720264456751,0
1117,-0.7986641967936449,0
1118,-0.20349383446353173,0
1119,-1.2682865265495191,0
1120,-0.43454406844501564,0
1121,-2.911301183164567,0
1122,-2.591771968189701,0
1123,-2.50240163948333,0
1124,-0.529370847761479,0
1125,-1.067190072286496,0
1126,-1.753348399405504,0
1127,-1.1579492252297623,0
1128,-2.1594883679902477,0
1129,-0.3541795529398132,0
1130,-0.9833334904098597,0
1131,0.6807058377424032,0
1132,-2.369467777489312,0
1133,-0.08078345806921747,0
1134,-0.9481858938514944,0
1135,-1.1522427873654486,0
1136,-1.011630442387827,0
1137,-1.9503122169805596,0
1138,-0.42249498245904815,0
1139,-1.6252552488104794,0
1140,-1.7141140424865684,0
1141,-0.8047593636704015,0
1142,-1.8446256347495409,0
1143,-1.4901937885117469,0
1144,1.0481440213243864,0
1145,-1.9226207848154282,0
1146,-1.374448589736246,0
1147,-1.7546584434790535,0
1148,0.8622756991381443,0
1149,0.07755158329223424,0
1150,-0.21707690971011132,0
1151,1.0119777028674568,0
1152,-0.7362108627293411,0
1153,-0.43813135833474554,0
1154,0.6942126207116015,0
1155,0.5204608573485456,0
1156,-0.014644923286184117,0
1157,-2.201492147196501,0
1158,-1.091490436551677,0
1159,0.8185445724110167,0
1160,0.4104185883313447,0
1161,-0.268772907549571,0
1162,0.09864710626788417,0
1163,-1.1802129636710794,0
1164,0.14201563603076256,0
1165,-0.09936438744157845,0
1166,-0.5248890984738664,0
1167,0.45620447059136454,0
1168,-0.21446704692712862,0
1169,-2.2592043134988993,0
1170,-0.8607475478115267,0
1171,-1.572303417138552,0
1172,-0.9313140727093933,0
1173,-1.9485831840799692,0
1174,-0.04281944519677284,0
1175,-0.6264887667472436,0
1176,1.5486611258243992,0
1177,-1.4892502533922145,0
1178,-0.5582153125703255,0
1179,-1.5529708112401668,0
1180,-1.920595906929272,0
1181,-1.5151077115243938,0
1182,-1.7206050096083052,0
1183,-1.6302476615166226,0
1184,-0.9659516361199394,0
1185,-0.8944943868254803,0
1186,-0.3279769149197396,0
1187,-1.7513846784114289,0
1188,-1.1776327622737266,0
1189,-1.7313778153955937,0
1190,-0.7130011343306184,0
1191,-0.29440622813033523,0
1192,-0.7872066937982491,0
1193,-0.2944105456966928,0
1194,1.0928161908110037,0
1195,0.5391233490423025,0
1196,0.8265105406764622,0
1197,-0.2041096500779723,0
1198,1.19726266079445,0
1199,-0.13902867368934704,0
1200,-0.20416376503964706,0
1201,0.4343594801066723,0
1202,-1.4683659072187694,0
1203,-0.8395058941353061,0
1204,-0.7614300814488032,0
1205,-1.4326215697939941,0
1206,-0.7744248865288028,0
1207,-0.16199649951218528,0
1208,0.07937768776377649,0
1209,0.20477583824127707,0
1210,0.07100298583822738,0
1211,-1.0055883526157403,0
1212,-1.4195453456241922,0
1213,-1.425903495288208,0
1214,-0.32590926504819434,0
1215,0.296827894130035,0
1216,0.39936718722209164,0
1217,-0.3314346923473585,0
1218,0.19606063470861207,0
1219,-1.6759797844524815,0
1220,-0.7322457306940271,0
1221,-0.21936615796703082,0
1222,-1.5741577676765424,0
1223,-2.3297310377946556,0
1224,-2.0892978954420216,0
1225,-0.8465224489843345,0
1226,-2.7915189650269157,0
1227,-0.8789774477432218,0
1228,-0.2347308817619395,0
1229,0.7162640705980211,0
1230,-0.8584341191443613,0
1231,0.7856834068937075,0
1232,1.1919790682757603,0
1233,0.017643867709191588,0
1234,0.14154190424972438,0
1235,0.8760288446674704,0
1236,2.592124258195393,0
1237,0.59662709831226,0
1238,0.4594712626059014,0
1239,0.8897546277786037,0
1240,1.9312639762522112,0
1241,1.13834507081319,0
1242,0.6800807668155482,0
1243,2.054498212879824,0
1244,-1.3657288663616953,0
1245,-1.0255260744966448,0
1246,-0.6225151605394535,0
1247,-0.22796739133955696,0
1248,-0.34216034234171394,0
1249,0.1450703377163327,0
1250,-0.8891959053899492,0
1251,1.8126137379773113,0
1252,-1.3898851256414892,0
1253,-1.131566305420041,0
1254,-0.1862219219928626,0
1255,0.0013352121149624967,0
1256,1.4973463122406696,0
1257,-0.7383559418650855,0
1258,-0.6085203747013952,0
1259,0.1610095600573111,0
1260,2.2571504610678645,0
1261,-0.6884490662854762,0
1262,0.7809151954126053,0
1263,0.7015552745944245,0
1264,0.0528919678432545,0
1265,-0.7608876458904026,0
1266,-1.2281573975727031,0
1267,-0.40835562922837626,0
1268,0.8600043204810436,0
1269,0.5506825733852947,0
1270,-1.5934383102407002,0
1271,0.2991831365174613,0
1272,1.5098789132879717,0
1273,0.22594683325518242,0
1274,-0.023488141539976946,0
1275,0.07072231226535478,0
1276,-0.42411686460789144,0
1277,-1.2107971040978185,0
1278,-0.954649259259556,0
1279,0.003043454643336656,0
1280,-1.7081712422409017,0
1281,0.491917049307607,0
1282,0.7052674136643585,0
1283,-0.4354038780641435,0
1284,-1.531080014753994,0
1285,-0.32338179931074484,0
1286,0.7758979747546408,0
1287,1.778222755112563,0
1288,-0.8169514652608805,0
1289,-0.6283581586289829,0
1290,0.1407423562562124,0
1291,0.7385817766361318,0
1292,-0.09698259384104731,0
1293,0.3811513866273442,0
1294,0.6890537958475916,0
1295,1.8583371984880088,0
1296,1.3153757397272874,0
1297,1.091370558928826,0
1298,0.8361442896300758,0
1299,0.5370477952611686,0
1300,0.00363663057571429,0
1301,-0.7317199438046491,0
1302,-1.398587953876784,0
1303,-1.5091782645754421,0
1304,-0.28670333575698453,0
1305,0.8412588375722151,0
1306,1.5919255485962116,0
1307,1.5363956932189684,0
1308,0.2923899384751079,0
1309,-0.8961548090479895,0
1310,1.572886530957889,0
1311,-0.6148700426057759,0
1312,-1.72328063992329,0
1313,-0.5815808451748998,0
1314,0.8132291932705431,0
1315,-0.08534778182756067,0
1316,-0.7944055035271181,0
1317,0.528023701293671,0
1318,1.6732042384551489,0
1319,1.261281023098128,0
1320,2.583666242420819,0
1321,-0.5252374898287641,0
1322,0.023745078588286388,0
1323,1.56215121677461,0
1324,-0.3001521385520593,0
1325,0.6957352148286,0
1326,1.3027930814413484,0
1327,0.5959089861421072,0
1328,-0.8073905108699616,0
1329,0.8695457189488716,0
1330,-0.8146774974150098,0
1331,0.17053269597490955,0
1332,-0.135532548453402,0
1333,0.2763481744475761,0
1334,0.9534013563138073,0
1335,1.6885876519379954,0
1336,0.8097243200004565,0
1337,2.1825705157251405,0
1338,-0.0207290161758587,0
1339,0.7581690720792479,0
1340,1.441119622452592,0
1341,1.4023863310187161,0
1342,1.0967096347866843,0
1343,2.1285902285369205,0
1344,-0.053525148721876865,0
1345,-0.5688355889977843,0
1346,1.2293861359828289,0
1347,0.5701675316730681,0
1348,2.160100142809628,0
1349,1.072209032916619,0
1350,0.09195859741344621,0
1351,0.9931539512661293,0
1352,0.7364742892939358,0
1353,0.07074476393164406,0
1354,-0.8647203062211386,0
1355,1.1378355657835006,0
1356,0.42512742653588365,0
1357,-0.4458180775660789,0
1358,0.708272892088463,0
1359,2.096429366445448,0
1360,1.0921032451213706,0
1361,-0.004087216102855382,0
1362,-0.38870127070638155,0
1363,0.13851413116534433,0
1364,-0.62962480267954,0
1365,0.25826710876966485,0
1366,0.5122782099814533,0
1367,-0.0497628425790841,0
1368,-0.8525900806846162,0
1369,0.6133810880872006,0
1370,-0.32872020208895597,0
1371,-0.5922749430789686,0
1372,-1.7516264901015457,0
1373,-2.2016074477874983,0
1374,0.17852631126543472,0
1375,-0.17048585962784504,0
1376,-1.7001574391649277,0
1377,-1.8263113754838005,0
1378,-0.013509044676240348,0
1379,-0.01648343606634517,0
1380,2.422090521984503,0
1381,2.8825800923724083,0
1382,1.3379246613600462,0
1383,-0.24112339597767077,0
1384,-0.21289998491008028,0
1385,0.22292627016076308,0
1386,-1.6828349549873292,0
1387,0.3691464959047654,0
1388,1.0489236893423701,0
1389,0.07387689662637427,0
1390,0.11624183460917915,0
1391,1.1568297463220703,0
1392,-1.2144116920546368,0
1393,0.22098801813076022,0
1394,1.7851697296127882,0
1395,1.2264671582056792,0
1396,0.09636951671908542,0
1397,1.0711001127116189,0
1398,2.7856401924569485,0
1399,0.7848664052903945,0
1400,0.3687047080632488,0
1401,1.0436723948820172,0
1402,2.1832558601898318,0
1403,1.1537425949478797,0
1404,3.305107657770323,0
1405,-0.0699825298066296,0
1406,-0.4254150896828635,0
1407,0.6882827081442997,0
1408,0.06637992786866136,0
1409,-0.3108485714745984,0
1410,0.8860110238147253,0
1411,0.8877931638926901,0
1412,-0.34194545899065026,0
1413,1.2256306022111985,0
1414,-0.8867807479833766,0
1415,-0.16617813482361152,0
1416,0.7566763053900412,0
1417,1.8451332932086733,0
1418,-0.6396942136558552,0
1419,-2.1236476371073376,0
1420,0.09467623453014551,0
1421,-0.3854929316421252,0
1422,-1.6790240436787398,0
1423,-0.5019157644421982,0
1424,1.0200508845110439,0
1425,1.0131935661635076,0
1426,1.1975755939675017,0
1427,1.314330266938235,0
1428,0.8640204719054736,0
1429,-0.2087851646023613,0
1430,0.1557857790354732,0
1431,-0.40532162261806487,0
1432,1.170476754253698,0
1433,0.2955651594842988,0
1434,1.3549803394752271,0
1435,1.0016162676956462,0
1436,0.7299204715669607,0
1437,-1.3863050732111202,0
1438,-0.2047609291696862,0
1439,-0.022271470227626447,0
1440,1.6033198373195086,0
1441,-0.24057711542113608,0
1442,-0.8080492534037819,0
1443,0.3022952399488893,0
1444,0.12109870587419394,0
1445,-0.7579399969302731,0
1446,0.6910295986071094,0
1447,1.0208453925818177,0
1448,0.6137389405718426,0
1449,-0.15830732361145083,0
1450,0.18354533680164264,0
1451,0.49253394486175683,0
1452,-0.1807084923897491,0
1453,-1.3254103383522777,0
1454,-0.35199279608949874,0
1455,-1.9401449804655262,0
1456,0.4191683997329583,0
1457,-0.1666340219176983,0
1458,-0.7733416277476765,0
1459,0.4832111861244377,0
1460,0.45845127713831474,0
1461,1.1711714411517662,0
1462,1.2998879448025162,0
1463,1.2625963059723633,0
1464,-0.7853842481407242,0
1465,2.0523707931677215,0
1466,1.1849463634536392,0
1467,0.564200375352187,0
1468,0.9421094126018311,0
1469,-0.5814912701292749,0
1470,-1.4164320258065406,0
1471,-0.809959319955934,0
1472,0.4288673695008592,0
1473,-0.903099930620907,0
1474,-0.00980761727507832,0
1475,-0.7447475679412106,0
1476,0.6234216765967928,0
1477,-0.06794651015549612,0
1478,0.39358554814570884,0
1479,1.5153292817170494,0
1480,0.9531572565659958,0
1481,0.8885468828683909,0
1482,0.9129762041739069,0
1483,-0.7541620847585502,0
1484,0.5325386935938282,0
1485,-0.975193507741643,0
1486,-0.6005561966549559,0
1487,-0.21859777035891137,0
1488,-0.46502930874288584,0
1489,-0.43656409309990674,0
1490,1.7638444155918358,0
1491,1.4521534344639269,0
1492,0.10346110541703081,0
1493,0.48552439283529036,0
1494,0.5685817089743264,0
1495,0.5488728233644882,0
1496,-0.7926045379428038,0
1497,-0.2363261464781864,0
1498,-0.8307859134692887,0
1499,0.23193855870042226,0
