time,value
0,-0.0951788110
1,0.0880562650
2,0.1693447955
3,0.0001349697
4,-0.2420435582
5,0.1950906923
6,-0.0853412923
7,-0.0400620812
8,0.3321538856
9,0.0474521706
10,0.0109893687
11,0.8542923049
12,1.0248895728
13,0.4856612400
14,0.3684171377
15,-0.0662690287
16,0.5616061425
17,-0.1014658044
18,0.4373362028
19,0.0521381471
20,-0.3086505163
21,0.1629981489
22,0.3167101392
23,0.6761770214
24,0.5377786788
25,0.7699843996
26,0.5391109468
27,1.0395808929
28,-0.1487169647
29,0.5467584182
30,0.2247697339
31,-0.4705873308
32,0.2005710909
33,0.5761549839
34,-0.0211101835
35,0.3078905456
36,0.3847555852
37,-0.0425008202
38,-0.0947183937
39,-1.1224286302
40,-0.2762820333
41,-0.5201654301
42,-0.4232095213
43,-0.0447746066
44,-0.5489779215
45,-0.4150806202
46,-0.2573465273
47,-0.3192410122
48,-0.2374336972
49,-0.2913991839
50,-0.9137416869
51,0.2039382277
52,-0.1050116282
53,-1.1069222564
54,-0.6385142772
55,-0.9423772608
56,-0.6932610954
57,-0.4757333208
58,-0.2122882363
59,-0.2294492302
60,-1.0755137135
61,-1.0275462968
62,-1.0965587868
63,-0.4459779773
64,-1.3735947421
65,-0.3187083787
66,-0.3945554375
67,0.1159979060
68,-0.7102164260
69,-0.2552354380
70,-0.6791604784
71,-0.8722275839
72,-0.2544964197
73,-0.5198683264
74,0.7742210054
75,0.8168806497
76,-0.1543687486
77,-1.2931692318
78,0.0108527903
79,-0.0070716331
80,0.5162508453
81,0.1004033534
82,0.4830858774
83,0.1967556967
84,-0.3326087318
85,0.9068231002
86,1.0466168229
87,-0.0330739133
88,0.0574980983
89,1.3046387395
90,-0.0110432276
91,0.6243180695
92,0.8373510649
93,0.5931632032
94,-0.0567337608
95,-0.0714690304
96,0.5382655235
97,0.4233430373
98,-0.3651932195
99,-0.1248078025
100,0.0842313329
101,0.2025561595
102,-0.4663359993
103,0.1452299390
104,-0.8652080233
105,0.1005530813
106,-0.2153474574
107,-0.4753317793
108,-0.4108725573
109,-0.5230021489
110,-0.5038791689
111,-0.6256851914
112,1.0923563369
113,-0.3770992489
114,0.9520258042
115,0.3649781470
116,0.0149239621
117,0.3216106130
118,-0.2529314821
119,-0.2818843107
120,-1.0078027105
121,-0.3061485224
122,-0.2385011772
123,-0.2612309164
124,0.0205270426
125,-0.1736892678
126,-0.0920263571
127,-0.2662390174
128,0.0669292587
129,-0.2507120274
130,-0.2647644728
131,-0.2144183517
132,-0.8495820556
133,-1.3212424424
134,-0.1669560245
135,0.0930453511
136,-0.4469364372
137,-0.6156711362
138,0.1226144532
139,-0.1405239513
140,-0.0237093124
141,-0.1965721446
142,0.0622080821
143,-0.1772369904
144,-0.2211039015
145,-0.5314343932
146,-0.3097351344
147,-0.5225533434
148,-0.8612411336
149,-0.5484889450
150,-0.3813531101
151,-0.9731347903
152,-0.2014240727
153,-0.2544755525
154,-0.0164342813
155,0.0457185160
156,-0.4439214518
157,0.4848729502
158,0.4153183411
159,0.4119978071
160,0.0287794921
161,-0.2097124393
162,-0.6517144603
163,0.1006653905
164,-0.8672798713
165,0.0457139045
166,0.3035908332
167,0.1723366758
168,-0.4699037293
169,0.0801422246
170,0.5547817262
171,0.7472602672
172,0.6354337864
173,-0.2713304615
174,0.2750370429
175,-0.6279127306
176,0.3017231839
177,-0.0107153998
178,0.3102546194
179,-0.0837006690
180,-0.0673351569
181,-0.1239843213
182,0.3847307422
183,-0.2038955208
184,-0.0666315982
185,-0.0065530629
186,0.1371165044
187,-0.0169876412
188,-0.2545968068
189,0.0767000887
190,0.3555167927
191,0.5063976016
192,0.5428233645
193,0.5898407161
194,0.8201026119
195,0.5334449455
196,0.1904818410
197,-0.0161118382
198,0.3945380111
199,0.6319200640
200,0.4727840093
201,0.5593695266
202,0.4923434068
203,-0.2982875340
204,0.2355208167
205,0.2385099712
206,-0.2222242302
207,-0.7070988315
208,0.0048906455
209,-0.4892589261
210,-1.1026694655
211,-0.6129192961
212,-0.6943241664
213,-0.6665680996
214,0.1837700126
215,-0.5821422907
216,-1.0937569808
217,-0.6130235636
218,-0.0647506993
219,-0.1058410269
220,-0.2898472691
221,-0.0506156557
222,-0.3351034967
223,-0.8361138902
224,-0.0150460724
225,-0.0581099169
226,-0.0184400070
227,-0.9000586072
228,-0.3648072212
229,-0.8641297193
230,-0.4230777837
231,0.0447916712
232,-0.5187319899
233,-0.6867456980
234,-0.0055320355
235,-0.5374550177
236,-0.5722102291
237,0.0052473371
238,-0.3589067969
239,-0.6318664561
240,-0.7846752710
241,-0.5735480613
242,-0.0432079725
243,-0.4642430331
244,0.2065174311
245,-0.3067566102
246,0.1328022812
247,-0.9546134369
248,-0.3817804186
249,-0.2859761230
250,-0.3879111233
251,-0.5392621677
252,-0.4583037289
253,-0.0855633011
254,-0.1881420799
255,-0.0109212666
256,-0.7151530575
257,-1.5753300413
258,0.5649760694
259,0.0280547448
260,0.1739933461
261,-0.6359161111
262,0.5712205610
263,0.0966559710
264,0.8843126382
265,0.1045451184
266,-0.6973886440
267,-1.1392026809
268,-1.2889492103
269,-0.6481216742
270,-0.8649971197
271,-0.0554343093
272,0.2567412988
273,-0.0167211058
274,-0.6622003028
275,-0.4106448644
276,-0.3397009215
277,-0.5305652691
278,-0.4898270622
279,-0.3730427086
280,0.6546179985
281,-0.4965922232
282,-0.8181717856
283,-1.1741935883
284,-0.7194982516
285,-0.7038877362
286,-0.7807092696
287,-0.4492503028
288,-0.3093506751
289,0.1642815487
290,-0.3252764395
291,-0.4728525677
292,-0.9258578286
293,-0.0851159597
294,0.6572908536
295,-0.3832656780
296,-0.2020013995
297,-0.0784623403
298,0.3631236727
299,0.0326727181
300,-0.7111650503
301,-1.1592453314
302,-1.0505069556
303,-0.2514169100
304,0.6249927892
305,-0.6082953490
306,-0.5213606756
307,-0.1282700569
308,0.5331174622
309,0.2169205763
310,-0.6407303806
311,-0.0698827101
312,-0.7378093661
313,-0.9201746675
314,-1.2382240124
315,-0.0136041297
316,-0.4266594719
317,-0.2847746523
318,-0.3777879053
319,-0.2848928047
320,0.2938868452
321,-0.1219166186
322,-0.4219113701
323,0.1462280296
324,-0.4531496557
325,-0.2851960083
326,0.1232371268
327,-0.8054742637
328,-0.0523831986
329,-0.3551508861
330,-0.0629774741
331,0.1686605926
332,-0.4275523179
333,-0.0686877424
334,-0.9562096530
335,-1.1617391340
336,-0.8865543361
337,0.0455101625
338,-0.5079063294
339,0.2000471598
340,-1.0055135201
341,-1.5693640443
342,-0.7049815615
343,-0.9523823098
344,1.0414041976
345,-0.2941555354
346,0.6056874812
347,0.7063997548
348,0.4465579149
349,-0.7045645037
350,-0.5363062380
351,0.2204393759
352,-0.1572849645
353,-0.9804078706
354,0.6846089093
355,0.2113550682
356,0.1172838217
357,-0.0201176501
358,-0.9528535814
359,-0.7566933632
360,-0.3777516444
361,-0.7624735761
362,-0.1378874158
363,-0.2160113682
364,-0.8169750979
365,-0.8852238120
366,-0.4430839887
367,-0.8806129164
368,-1.7444436511
369,-1.6530353108
370,-1.4828522611
371,-1.0102789262
372,-0.0566498118
373,-0.0081027847
374,-0.9524046162
375,-0.5095853546
376,-1.1306150918
377,-0.5011183926
378,-0.0228736490
379,-1.5286176701
380,-0.9316819585
381,-0.1358177263
382,0.0035570348
383,0.7824097927
384,0.4853068767
385,0.3217166874
386,-0.0561901662
387,0.1179282166
388,0.2256720061
389,-0.5966210304
390,-0.6209605385
391,-0.0732962944
392,0.1504552706
393,0.9630677947
394,1.0184634937
395,0.7671194256
396,0.9624499193
397,0.4184859271
398,0.4142317090
399,0.7664466936
400,-0.0427827268
401,-0.0652987644
402,0.4952693887
403,0.6000860382
404,0.4857435088
405,0.2342007515
406,0.4939921534
407,1.3726853072
408,0.2926936089
409,0.4669006333
410,0.7757474184
411,0.2291506509
412,0.0646880583
413,-0.5827969490
414,1.4250155167
415,-0.0749285154
416,0.6363563283
417,2.4102851871
418,0.3114873126
419,1.9227854477
420,1.5395377046
421,1.8690829728
422,1.5039110810
423,0.5584453677
424,0.6486182550
425,1.4403336093
426,2.1693454462
427,1.7464570777
428,1.7198820151
429,0.4089302914
430,0.8015065831
431,1.2549742502
432,0.7274720165
433,0.2365475444
434,0.9537536050
435,0.1721712332
436,-0.2744925200
437,-0.3249518064
438,-0.4660579091
439,1.0388583651
440,1.9574849464
441,1.8062697016
442,-0.1442761012
443,0.7718716514
444,-0.2024217324
445,0.5901607107
446,0.4557475277
447,1.0535405127
448,-0.0665181611
449,0.4982041339
450,0.5699034021
451,0.5574683871
452,0.0538267061
453,-0.2082195254
454,0.1172047435
455,0.1871122756
456,0.7110576497
457,0.5164709922
458,0.7314989699
459,0.8425876802
460,0.4125871155
461,0.7402270588
462,0.2458880219
463,0.7635684162
464,3.0223930564
465,0.8181784780
466,1.2475519461
467,0.1988991525
468,0.9912775761
469,2.5257100568
470,0.8288355053
471,1.5412810203
472,0.9732189597
473,1.6193198817
474,0.4469126733
475,1.5807621226
476,0.0234782426
477,0.3171540193
478,0.0545919352
479,0.1615549992
480,-0.2843737496
481,0.4856667952
482,-0.9139377561
483,0.6917454948
484,0.6816015641
485,-0.2155774814
486,0.1701603187
487,-0.0410765085
488,-0.6289604090
489,-0.4989471974
490,0.6233606182
491,1.5893394435
492,-0.0271070356
493,0.9105566886
494,0.7593366200
495,1.1027879641
496,-0.2083574418
497,-0.7790820921
498,-0.0845169943
499,0.3553247571
500,1.0605688011
501,0.9192710017
502,0.9554344119
503,0.0014687587
504,0.4615348776
505,1.2338320198
506,0.4735116332
507,-0.9337703095
508,0.5417218663
509,-0.1958620392
510,0.6521429276
511,0.8706582192
512,0.4635157106
513,0.7312673897
514,0.1100635711
515,0.5271245371
516,1.1486162604
517,0.5751294608
518,0.9970173492
519,0.3279915318
520,0.4197080736
521,0.1488723304
522,0.5182431164
523,0.1527840604
524,0.4330174353
525,0.0323807783
526,0.5065139284
527,0.3607289247
528,0.9671686685
529,0.5909818275
530,0.9426647342
531,1.2705708512
532,1.3221977928
533,1.2987712049
534,0.8881529502
535,1.3252657228
536,0.7591227318
537,0.8220491333
538,0.3852003702
539,-0.2870463006
540,0.7696977515
541,0.8291724345
542,0.7384633892
543,0.6262962634
544,0.7118451184
545,0.2841161279
546,-0.0562694659
547,0.9425240757
548,1.3710048667
549,0.6956472284
550,0.2720530374
551,0.6774257870
552,0.6475719501
553,0.5094232939
554,0.6055373151
555,0.1594085863
556,0.6719989181
557,-0.7002707393
558,0.7475879537
559,0.6758479290
560,0.7073637529
561,0.7822255598
562,0.6842007885
563,1.2536196776
564,1.3297950163
565,1.3357673462
566,0.6058268568
567,1.1500412022
568,0.2254507690
569,0.1724811253
570,0.0239631778
571,0.8221882278
572,0.0449403967
573,-0.0248865608
574,0.4782981838
575,-0.4293580581
576,-0.0532090573
577,0.3005101645
578,0.1970436560
579,0.7035125878
580,0.5748189344
581,0.3583666948
582,0.5823174245
583,0.5936225559
584,0.5696596231
585,0.4735968573
586,0.5179522769
587,0.1801648823
588,0.1078232323
589,0.1179747466
590,0.1473797220
591,0.4749009213
592,0.4442248325
593,0.6509186157
594,0.1981394304
595,0.3032588827
596,0.5947803093
597,1.0426680177
598,0.5937807939
599,0.5092846229
600,0.5380693389
601,0.8927075442
602,1.0596494916
603,1.2806866009
604,1.5887697390
605,2.4505220577
606,2.9913596796
607,3.9573168338
608,4.9482566600
609,6.1532292246
610,6.5191718629
611,7.7849142876
612,8.1224034781
613,8.3089758667
614,8.0807561730
615,7.5103827691
616,6.7855519028
617,5.7530175784
618,4.8823552299
619,4.1787969980
620,3.3072946984
621,2.2132372288
622,1.7167458776
623,1.4709803897
624,1.2670176190
625,0.7210139021
626,0.3043912616
627,0.2600962506
628,0.6369525232
629,-0.0805513553
630,-0.1118540554
631,-0.1398721475
632,-0.0072681830
633,0.0604687950
634,0.3352275719
635,0.5226130755
636,0.1807514367
637,0.5771612145
638,0.7396846025
639,0.6324541315
640,-0.0154139746
641,0.1342939698
642,0.2877607563
643,0.4121030129
644,0.2510405579
645,0.0075013035
646,0.1167507561
647,-0.0667423436
648,0.0311206166
649,0.0654750570
650,0.3782136578
651,-0.0029837402
652,0.0271954344
653,0.4989085818
654,-0.0558408802
655,0.5579021465
656,0.7326262223
657,0.5341614427
658,0.6932316742
659,0.2123857855
660,0.2478810508
661,0.8108420127
662,1.4251895732
663,0.7988504200
664,0.0204851983
665,0.4932828955
666,0.5227994435
667,0.3486329135
668,-0.0028474951
669,0.7028582785
670,0.7453309374
671,0.6312532294
672,0.4040213022
673,0.5278587127
674,0.2689190179
675,0.5563525718
676,0.0215860417
677,0.0852144717
678,0.2487058045
679,0.4882810004
680,0.3278268588
681,0.1702798102
682,0.4454698865
683,0.2559227188
684,0.0064023983
685,-0.3818214786
686,0.0491577027
687,0.3562049695
688,0.5921545657
689,0.6519320624
690,1.1052215949
691,0.5364826756
692,0.0278930315
693,0.4532723603
694,0.4049145861
695,0.1845529441
696,-0.0392406866
697,0.1715204088
698,0.3899687987
699,0.2458171865
700,0.2136803288
701,0.3314204474
702,0.3300421191
703,0.4628085107
704,0.1831057127
705,0.7090183143
706,0.4570959647
707,0.4975883286
708,0.4579314742
709,0.5658915597
710,0.4719215664
711,0.3972397128
712,-0.6426416535
713,0.1097139289
714,0.2915501827
715,-0.0446827571
716,-0.3835237629
717,-0.1978603046
718,0.1034058566
719,0.1245350380
720,0.0742722235
721,0.4976862274
722,0.2384977759
723,0.0437736159
724,0.4702396230
725,0.3609036660
726,0.3703251061
727,0.2240804932
728,0.3964236233
729,-0.1014400571
730,-0.0877673452
731,-0.1352556322
732,-0.5002959833
733,-0.1134312062
734,0.1689015551
735,0.4150522993
736,0.2072006711
737,0.5560948508
738,0.6886842159
739,0.0386968805
740,-0.0355032865
741,-0.3754799122
742,0.1661653864
743,0.1069790308
744,0.1163154355
745,0.4335048228
746,0.1950854549
747,0.1667198014
748,0.3423995268
749,-0.1496618757
750,-0.4448664486
751,-0.2049411689
752,-0.0577504940
753,0.0744709079
754,-0.1272778095
755,0.4766031419
756,0.3023673751
757,-0.3376279144
758,-0.1351929359
759,-0.1925689216
760,-0.3446423639
761,-0.1574893916
762,-0.1589333492
763,-0.0791658206
764,-0.1709188859
765,0.2840974019
766,0.3512093541
767,0.3759757935
768,0.3264248358
769,0.5514524005
770,0.7482622704
771,1.6666843533
772,0.6622280097
773,1.1621752148
774,0.7433719482
775,0.8625868172
776,0.4306965187
777,0.8327537578
778,0.9140372077
779,-0.4891117526
780,-1.3564647282
781,-2.0287882055
782,0.4195129032
783,0.3516098212
784,0.6039837275
785,-1.4190027028
786,-0.6986610184
787,-0.6621603620
788,0.9652520684
789,0.1623142310
790,0.6527392346
791,0.2375950663
792,0.9098497462
793,0.6292039397
794,-0.4149466246
795,0.0765687915
796,0.0356571279
797,0.5053480143
798,1.2797426174
799,-0.0569818937
800,-0.5675535275
801,-1.0693400246
802,-0.6586140491
803,0.2856749316
804,0.0408256477
805,-0.4642129274
806,-0.0355359838
807,-0.0504323075
808,-0.7502350746
809,0.7564456276
810,0.4567305028
811,0.5146775919
812,-0.3093791811
813,-0.9424825956
814,0.4924008790
815,0.2842846511
816,1.4848724152
817,0.5526965088
818,0.3629570959
819,0.2149383240
820,-0.7831967923
821,-0.1468195526
822,-0.3478084927
823,-0.0058471236
824,-0.0264998446
825,-0.8577465797
826,-0.3181911287
827,-0.4837573074
828,-0.2526771404
829,0.7430217968
830,0.0470483492
831,0.4735164642
832,0.4311125777
833,-0.0648587961
834,1.2800514072
835,0.3887253565
836,-0.3648480244
837,-0.8341308218
838,0.0933586993
839,-0.1267748331
840,0.0546071464
841,0.9507552674
842,0.2621554195
843,1.0988463759
844,0.8562892104
845,-0.1533967573
846,-0.7193853770
847,-0.1902028642
848,0.6977573205
849,-0.2975507873
850,0.3232792911
851,-0.2231903631
852,0.4517175484
853,0.2229066229
854,0.7190613831
855,-0.4931208278
856,0.0567588803
857,0.3439011992
858,-0.6804076560
859,-1.1069332570
860,-0.5530052224
861,0.0928646168
862,1.2994339872
863,0.0595533447
864,0.7216274932
865,0.1291003491
866,-0.8654482929
867,0.4755675319
868,-0.2527645290
869,-0.4918813649
870,0.0151253584
871,0.3852008521
872,-0.3785745323
873,-0.0582833947
874,0.0781691155
875,-0.2941085973
876,0.9460865836
877,0.9931085064
878,1.2519666890
879,0.7630537332
880,1.6870426525
881,1.0938996723
882,0.5720901162
883,-0.0438193148
884,-1.3337711305
885,-1.7430829627
886,-0.4252552763
887,0.0271031894
888,-0.4851049130
889,-1.0394876659
890,-0.9643828195
891,-1.2529680585
892,-0.0851675649
893,0.3734845756
894,-1.2090773410
895,-0.6522898273
896,-0.6296621624
897,-0.8129626002
898,-0.4828017182
899,-0.1346719253
900,-1.4944199626
901,-1.6033282487
902,-1.3628029912
903,-0.7637662006
904,-0.9063449423
905,-1.5054762816
906,-2.9046422479
907,-1.2386541007
908,-2.0138936964
909,-3.0305652735
910,-1.2407324070
911,-2.7727701246
912,-3.0286134047
913,-1.8534619101
914,-1.4770655099
915,-0.3391052195
916,-0.2628764559
917,-1.3545839669
918,-0.6405486621
919,-0.4616871853
920,-0.8293957973
921,3.3079987992
922,3.8330172499
923,2.3290199077
924,-2.1350980036
925,-0.1926747385
926,-1.0918967257
927,0.8258715316
928,-0.4053820223
929,-0.3492469381
930,-0.3478556064
931,-1.9256889112
932,-1.0146315775
933,0.6565055352
934,1.3439869483
935,0.3969360780
936,0.8500710195
937,-0.1481928119
938,0.4308964252
939,-0.6012091632
940,0.0077411403
941,1.1010713400
942,0.3622985350
943,0.5170606700
944,1.5382146656
945,1.4974617388
946,2.0274126770
947,1.7147023880
948,2.3895443067
949,0.9266418158
950,-0.0308504604
951,2.4455895396
952,2.3006370842
953,2.1777317524
954,1.2133202480
955,0.3435509454
956,-0.7418411972
957,-0.0789300213
958,0.1122228943
959,0.8885833649
960,1.2570935705
961,0.8885260728
962,0.0598960802
963,-0.2391063750
964,0.5262863589
965,0.8029020183
966,-0.3104143341
967,1.7941037844
968,0.1588889691
969,0.1748628956
970,0.7198902579
971,0.3613005654
972,0.4624313734
973,0.8201055816
974,-0.0806953404
975,0.2862128777
976,0.1803774074
977,0.9051017094
978,0.1990356837
979,0.2156603300
980,-0.0264315519
981,0.5196181045
982,-0.1426316089
983,0.4536087453
984,0.7911018592
985,0.8046687180
986,1.0358325829
987,1.2726911683
988,1.7520327140
989,1.0090091856
990,1.8155053614
991,1.6265786915
992,1.8788065944
993,0.3616014604
994,0.5205374307
995,2.2564833019
996,-0.0204671913
997,0.4247033073
998,0.7452150501
999,1.5606230951
1000,0.7879838559
1001,0.4349124473
1002,1.1417722902
1003,0.4591354520
1004,1.4720647049
1005,1.4546247951
1006,0.5201408550
1007,1.4192416571
1008,-0.3268216837
1009,0.8762196436
1010,-0.7043688458
1011,0.7958413223
1012,0.6143350973
1013,0.3393002991
1014,0.8366909288
1015,1.2146487576
1016,-0.6911011524
1017,-0.3254229804
1018,-0.2431430945
1019,-0.5218583621
1020,0.5775435893
1021,0.3742352939
1022,-0.6970252012
1023,-0.6321347743
1024,-0.7915327383
1025,-0.9679812442
1026,0.7496956372
1027,-1.1242097560
1028,-1.0783069965
1029,-0.1388281807
1030,0.5128769480
1031,0.7309399206
1032,0.5199705831
1033,0.3207985123
1034,2.2002793651
1035,0.1975112080
1036,0.0369242154
1037,1.5048080833
1038,1.4267055132
1039,1.2395315347
1040,-0.0273252033
1041,0.7386390093
1042,2.1609300558
1043,0.8495504050
1044,1.2089077973
1045,1.0659234639
1046,0.0543467603
1047,0.7302446756
1048,1.7494362043
1049,1.3283996646
1050,1.2618067544
1051,0.2277339085
1052,2.4423910365
1053,2.9481158047
1054,1.8120121336
1055,2.0128820908
1056,0.8720617511
1057,1.9640070552
1058,1.6866690850
1059,1.0901689701
1060,2.2193895723
1061,1.3197613814
1062,1.2919421165
1063,0.3400301004
1064,-0.8591734264
1065,0.7741977025
1066,0.8592499452
1067,2.7103938151
1068,1.4086316351
1069,1.9554998624
1070,1.5651058496
1071,2.2332249610
1072,1.5216970973
1073,1.2477657766
1074,0.3567690972
1075,0.6380653548
1076,-0.2467239064
1077,-0.7414952832
1078,-0.6533375628
1079,-2.0637792192
1080,-1.7979889170
1081,-0.5621254703
1082,-1.8595600296
1083,-1.1823151689
1084,-1.3224246583
1085,-0.9333043768
1086,-0.6450356122
1087,-2.4224043695
1088,-2.2988926345
1089,-1.8218921973
1090,-1.7512397540
1091,-1.9998248057
1092,-1.5766579050
1093,-1.0570163237
1094,-2.9257880315
1095,0.1973581498
1096,-0.6035932751
1097,-0.1038174975
1098,0.6707596013
1099,-0.6743187374
1100,1.1667954803
1101,1.0634450189
1102,-0.8622788039
1103,-1.9165766692
1104,0.5210742368
1105,1.5061451430
1106,0.4634606563
1107,-0.5459287515
1108,1.1125853213
1109,-1.4363237805
1110,0.4305002246
1111,0.9157914151
1112,0.0175347928
1113,0.2457946227
1114,-0.8053095444
1115,1.1743484272
1116,1.0593925471
1117,0.8502580239
1118,0.1753366751
1119,1.9761648885
1120,1.4960435822
1121,2.1387423835
1122,1.7295987182
1123,0.2668099109
1124,0.8562546244
1125,1.9631712091
1126,1.6687820905
1127,1.7652470466
1128,1.1267720570
1129,1.0329850565
1130,2.9258480548
1131,1.4502086987
1132,2.0646658145
1133,1.4606548223
1134,3.4906934579
1135,3.0347206151
1136,1.1403492756
1137,1.6863821518
1138,-0.3790400388
1139,0.7473954573
1140,0.4987173431
1141,-0.6532738227
1142,-0.7289580419
1143,0.4858051747
1144,-0.6742731015
1145,0.0008710094
1146,0.6278479630
1147,-0.2797327624
1148,-0.0634462198
1149,0.1992487535
1150,2.1627379265
1151,1.7141229575
1152,0.5205347548
1153,1.4972978766
1154,0.7314435349
1155,0.6841188465
1156,0.9344063377
1157,1.3556432128
1158,1.0622784441
1159,0.7744293078
1160,0.4487646480
1161,0.0724063322
1162,0.8557193396
1163,0.7379968975
1164,1.5606320913
1165,1.2383625785
1166,1.2468486466
1167,0.5148405800
1168,0.3742726190
1169,0.5622374624
1170,-0.3884020509
1171,0.6427159028
1172,-0.4308568252
1173,-0.2436166821
1174,-0.5260120483
1175,-2.0890236814
1176,-1.4699617849
1177,0.5190029047
1178,-1.3644917644
1179,0.3617792580
1180,1.1385164966
1181,-1.4906074101
1182,0.3063878578
1183,0.1966332415
1184,0.2073706752
1185,-0.1503461197
1186,0.6866276417
1187,0.4851179555
1188,-0.1635050742
1189,-0.4315125696
1190,-0.2633956911
1191,-0.0542450912
1192,-0.0843866665
1193,0.9256340295
1194,-0.0455356359
1195,0.0211598801
1196,0.3145550996
1197,0.0454981928
1198,0.7185729186
1199,0.3648509304
1200,0.1978374571
1201,0.8206992270
1202,-0.1156140235
1203,0.3056072092
1204,0.8803360183
1205,0.6031128471
1206,0.7226520196
1207,1.4453399052
1208,-0.2814834738
1209,0.1809019960
1210,0.7307273135
1211,0.2644011693
1212,-0.8587893523
1213,0.1459533079
1214,-0.5320840672
1215,0.9689530843
1216,1.0763042516
1217,0.4993411072
1218,0.9841381666
1219,0.3830076360
1220,-0.4111036989
1221,0.2544612732
1222,0.3942826336
1223,2.0453475217
1224,0.1633132649
1225,-1.9161322282
1226,0.8117080614
1227,1.6436723900
1228,-0.0016634603
1229,0.2355962199
1230,0.8047911842
1231,0.5514230937
1232,1.1200284181
1233,0.8935275939
1234,1.5388032410
1235,0.3886682065
1236,-0.1807490639
1237,0.6479970166
1238,0.6521118792
1239,-0.0174382809
1240,0.0721361354
1241,1.0313279468
1242,0.8016319871
1243,1.7304763733
1244,1.3441214957
1245,1.9977586282
1246,0.7740825054
1247,-1.0730615681
1248,1.2140485414
1249,0.6192631130
1250,0.0120529487
1251,-1.0216286536
1252,-0.2122652169
1253,-0.8478527157
1254,-0.1667048764
1255,-1.3687250848
1256,-1.3950317959
1257,-1.3559638861
1258,-1.6592619865
1259,-1.6541026876
1260,-0.7700639611
1261,-0.8152311378
1262,-1.2831481036
1263,0.7083696018
1264,0.6966186981
1265,1.1102242806
1266,-0.2603171675
1267,-0.6578631430
1268,-1.0495396179
1269,-1.2276005911
1270,-0.7068277456
1271,-0.9506171842
1272,0.1994497616
1273,1.0802249856
1274,1.6842289950
1275,0.1891965859
1276,0.8848615198
1277,1.0803365535
1278,-0.9593651791
1279,-0.8654152202
1280,-0.0505351277
1281,-1.2736067926
1282,-1.1711182293
1283,0.5770050058
1284,-0.5075761082
1285,-0.9300811987
1286,0.2536342489
1287,0.0877550018
1288,-0.3175314920
1289,0.8342961627
1290,-0.8848476718
1291,-0.8998326579
1292,-0.3596599274
1293,0.3746781108
1294,-1.7107809677
1295,-1.4246747303
1296,-2.1598798659
1297,-1.3226572683
1298,-0.7652240910
1299,0.1117390953
1300,0.2470939569
1301,-1.1331613335
1302,-1.0468560221
1303,0.5148685484
1304,-0.3601258017
1305,-0.9722552735
1306,-1.8802516542
1307,-0.6089202590
1308,-2.3686267402
1309,-2.7220552130
1310,-0.7825497560
1311,-2.0678422662
1312,0.6088090192
1313,0.0209984421
1314,-0.1782873091
1315,-0.0304514044
1316,-0.8308622740
1317,-1.2327609574
1318,-0.9085960745
1319,-0.4715568914
1320,-1.8150482385
1321,0.0105992938
1322,-2.6554262353
1323,0.2638505051
1324,-1.9572448445
1325,-1.7111127660
1326,-1.8588828525
1327,-1.4866452170
1328,-1.0295466419
1329,-1.8415962351
1330,-0.3325419431
1331,-1.1298563100
1332,-0.0175430073
1333,0.1254738508
1334,-0.5552177505
1335,-0.3502128975
1336,-0.5591147951
1337,-1.0826404600
1338,-1.2661432662
1339,-0.6787780703
1340,-0.3351655654
1341,0.3574066274
1342,-0.8573239994
1343,-0.2797896103
1344,0.1087550723
1345,-0.3867094141
1346,-0.7069442413
1347,0.0400218078
1348,-0.0859312988
1349,0.1403214500
1350,-1.3195070112
1351,-1.0032908196
1352,-0.5777589356
1353,-0.1660229132
1354,-0.9658926328
1355,-1.6315899210
1356,-1.0865361108
1357,-2.5924743746
1358,-1.4568495054
1359,-1.9605783681
1360,-0.3415760152
1361,-0.9581913918
1362,-1.3891953361
1363,-0.1671611695
1364,-0.8325143184
1365,-1.4478190999
1366,-0.1349139697
1367,0.8193710519
1368,-0.1680663672
1369,-0.9261459367
1370,-0.5162915949
1371,-0.3884890743
1372,0.5951744353
1373,-1.4572606080
1374,-0.9905434458
1375,-0.3192145993
1376,-0.2122410256
1377,-0.9842109452
1378,-0.9746360716
1379,-0.4574948547
1380,-1.7657135085
1381,-1.1219968555
1382,0.5681622750
1383,-0.6268861573
1384,-1.4903519302
1385,-0.1816277381
1386,0.4919523222
1387,-1.0753272442
1388,0.0052186876
1389,0.1076031549
1390,0.0926438111
1391,0.6284829371
1392,-0.9867556878
1393,-0.3449750086
1394,-1.2461994550
1395,-0.3402893552
1396,0.6270402507
1397,-0.1212856696
1398,0.1242891306
1399,-0.3051264386
1400,-1.2325764826
1401,-1.6892919381
1402,-0.0950029614
1403,-1.8826630872
1404,-0.1636245397
1405,-0.8139151206
1406,0.5953456768
1407,-0.2210784362
1408,-0.5729196818
1409,-0.7941991650
1410,-0.7069649355
1411,0.6759898284
1412,-1.8774479373
1413,-0.5562897110
1414,0.5598753220
1415,1.6705549615
1416,0.9222799732
1417,-0.5536690885
1418,0.1188298871
1419,-1.7692939460
1420,-1.0632848659
1421,-0.2275411925
1422,-3.1620335427
1423,-1.4571197404
1424,-1.5420449876
1425,-0.5580981010
1426,0.6408348873
1427,-0.5028596184
1428,0.0731862669
1429,-0.3483426221
1430,-1.9152569546
1431,-0.5905054094
1432,-0.3721041039
1433,-1.1005302681
1434,-0.4399266707
1435,-2.1248109211
1436,-2.3278081216
1437,-1.6549772731
1438,-0.6905720226
1439,-0.0096356326
1440,-1.8388637417
1441,-1.5050467697
1442,0.2424177062
1443,-2.0924833146
1444,-0.5078462375
1445,-2.8551121756
1446,-0.9424215599
1447,-0.7735739930
1448,0.0214362719
1449,0.0168769736
1450,-0.4164998106
1451,-1.2433187428
1452,-1.0747027525
1453,-2.2528652857
1454,-1.3756462887
1455,-0.7256283535
1456,-0.4813003129
1457,-0.4358821136
1458,-1.2719657265
1459,-0.5761338955
1460,-0.9346767564
1461,-0.9000146168
1462,0.0607344229
1463,-1.5185212369
1464,-1.4168640169
1465,-0.3919170602
1466,-0.2422397564
1467,-1.2545178876
1468,-1.3571188209
1469,-1.4740721152
1470,-1.8327475414
1471,-1.2814091859
1472,0.2761491787
1473,-0.1447354653
1474,-1.7369435503
1475,-1.8127246691
1476,-2.4508240262
1477,-2.7560450072
1478,-4.1614405658
1479,-3.6142759311
1480,-5.3070175531
1481,-6.6642644542
1482,-6.0370604012
1483,-7.1929934270
1484,-8.8599510430
1485,-8.2426601447
1486,-8.9005307650
1487,-8.2147050616
1488,-7.7103842682
1489,-8.9942767857
1490,-8.6883051458
1491,-7.8641210669
1492,-7.2597764044
1493,-8.6135150301
1494,-8.5324658515
1495,-7.8361698220
1496,-5.2889174842
1497,-4.2285864170
1498,-6.0995006209
1499,-5.1045999543
1500,-1.9745399987
1501,-2.0371682704
1502,-2.3063989106
1503,-2.9245002158
1504,-1.4560191059
1505,-1.0949406254
1506,-1.4554627748
1507,1.7935835295
1508,-0.4280815771
1509,0.0593609606
1510,0.8820841333
1511,0.1811441282
1512,0.0973058254
1513,-0.0066109159
1514,0.4439597217
1515,0.6501089694
1516,-0.8583361608
1517,-0.3369491381
1518,1.0136035238
1519,0.0386229071
1520,0.6747491286
1521,1.2908319237
1522,1.7553343672
1523,1.1363582381
1524,1.2984517246
1525,-0.6592741179
1526,1.1325211027
1527,0.5066926742
1528,0.7946429109
1529,-0.8302874894
1530,-1.0649939941
1531,-0.6012113782
1532,0.7991020786
1533,-0.5600875442
1534,1.5704138177
1535,0.4403409022
1536,0.4924615311
1537,0.7809093145
1538,0.9897712238
1539,0.8257696813
1540,-0.1194312753
1541,0.7897613084
1542,0.5594870568
1543,0.1791279749
1544,0.1437915578
1545,1.0995095354
1546,0.2703639102
1547,-0.6846753562
1548,-0.1685834755
1549,-0.1458371641
1550,-0.6145674796
1551,0.7530478123
1552,0.1927501478
1553,-0.6129768889
1554,-0.7476403234
1555,-0.2477470111
1556,-0.3330317281
1557,0.1217032445
1558,-0.7454134821
1559,0.3258467647
1560,0.8842113446
1561,0.5834761751
1562,-0.0700074857
1563,-0.0056536480
1564,0.1208548609
1565,-0.7222570716
1566,0.0525436772
1567,0.7881087650
1568,-0.6176656420
1569,0.5336067515
1570,-1.0982968021
1571,0.1816548054
1572,-0.0968758943
1573,-0.9110923673
1574,-1.1098125699
1575,-1.1634257218
1576,-0.9640929160
1577,-0.7410586222
1578,-1.0026205211
1579,-2.0522455808
1580,-0.6930766552
1581,-0.4182849031
1582,-1.2502514950
1583,-1.1967687999
1584,-0.6813146854
1585,-0.9839775786
1586,-0.0182634201
1587,-0.1384348783
1588,-0.4664659791
1589,-0.0693500818
1590,0.1452698916
1591,-0.2107193197
1592,0.2180961631
1593,-0.2603420436
1594,0.2769638641
1595,-0.0929091031
1596,-0.5775805998
1597,-0.4986968056
1598,-0.7585641074
1599,-1.6150251094
1600,-1.1231366885
1601,-1.8065334133
1602,-0.4207503271
1603,-1.3471143488
1604,0.0925418368
1605,0.2016797587
1606,1.4407305099
1607,0.4577029415
1608,0.7058960200
1609,-0.3746157666
1610,-1.7436056216
1611,0.0219817850
1612,0.8922862817
1613,-0.6198383089
1614,0.0916356950
1615,0.7022653759
1616,-0.7538322990
1617,-0.1000903041
1618,-0.6386305040
1619,1.3081455491
1620,-0.7381673689
1621,0.0479974972
1622,0.0759855486
1623,-0.0266861545
1624,0.7823271730
1625,0.4046605638
1626,0.9710059272
1627,0.8034752812
1628,0.3411881741
1629,0.1248259980
1630,-0.4960251787
1631,0.0677437009
1632,0.7131599208
1633,1.4439352895
1634,0.0241714576
1635,1.6558256728
1636,1.2717952359
1637,0.5413784945
1638,0.3602563677
1639,-0.3092831450
1640,0.6408355115
1641,1.6244313210
1642,1.4068594774
1643,1.4255906273
1644,0.7035675791
1645,-0.1313256581
1646,0.2109760935
1647,0.2441233214
1648,0.7016711536
1649,1.2003664994
1650,0.5371808983
1651,0.6188258700
1652,0.7711499830
1653,0.5253211585
1654,0.8171716434
1655,0.0562117335
1656,-0.2061582667
1657,-0.4269412884
1658,0.1790952355
1659,-0.2005260734
1660,-0.5356497284
1661,0.2778289521
1662,0.2868231132
1663,-0.6088487067
1664,-0.4419984781
1665,0.4158589325
1666,-0.8389476195
1667,0.5431686140
1668,0.0131386142
1669,-0.2318867969
1670,-0.0189771438
1671,0.3116640362
1672,0.7135942028
1673,0.5741445471
1674,0.1438170020
1675,0.4891723244
1676,0.5312903239
1677,0.2511349117
1678,-0.2528649543
1679,0.5513250131
1680,0.1709255821
1681,-0.3297901023
1682,-0.0415282480
1683,-0.4020646723
1684,-0.1968587875
1685,-0.2506884303
1686,-0.1426952386
1687,-0.3199413231
1688,-0.6071388526
1689,0.3668295153
1690,-0.3455313299
1691,-0.6467709694
1692,-0.4877589337
1693,-0.3606153374
1694,-0.7969599792
1695,-0.0317151975
1696,-0.9733360975
1697,-0.9342819801
1698,-0.4474646345
1699,-0.6812991415
1700,-0.0529854604
1701,0.6453910489
1702,-0.3477811853
1703,-0.2151245398
1704,-0.4501036047
1705,-0.2414615627
1706,0.1770184940
1707,-0.5582453625
1708,-0.0777130400
1709,-0.4848086758
1710,-0.9820652835
1711,-0.4889477389
1712,0.0206850445
1713,-0.1784683309
1714,-0.3689627281
1715,-1.0294346771
1716,-0.0625934479
1717,0.1408987195
1718,-0.1117926521
1719,-0.5552813157
1720,-0.4932949655
1721,-0.4634357718
1722,-0.3576547651
1723,1.0485120931
1724,-0.4420643361
1725,-0.9850428901
1726,-1.0913333247
1727,-0.2345239650
1728,-0.2386480699
1729,-0.0129955575
1730,0.2481976902
1731,0.0616001219
1732,0.6308112580
1733,0.7050355044
1734,0.6185585132
1735,0.8896384412
1736,0.3348337706
1737,-0.5673445220
1738,0.2942258081
1739,0.6404959192
1740,0.8800879550
1741,1.3186905190
1742,1.0450672628
1743,1.1828481502
1744,1.1224382365
1745,1.1007128157
1746,0.9118995304
1747,0.4148483885
1748,0.2533331409
1749,0.2601702512
1750,0.2438926519
1751,0.1935572015
1752,0.3315438473
1753,-0.1708628343
1754,-0.3022843316
1755,-0.3430584813
1756,0.4291645115
1757,0.5416590081
1758,0.0051748982
1759,-0.4955518962
1760,-0.0648999376
1761,-0.7035531401
1762,-0.4704458100
1763,0.0059232923
1764,-0.8581123205
1765,-0.6038294328
1766,-0.9357636369
1767,-0.7331407823
1768,-0.4241529625
1769,0.8074601824
1770,-0.1208657477
1771,1.5942518472
1772,1.1483094759
1773,0.2500283290
1774,1.0657727901
1775,1.1134750404
1776,0.8589905560
1777,-0.1538718253
1778,-0.4349779153
1779,-0.2426457081
1780,0.6269062113
1781,0.0522781952
1782,0.5400478424
1783,0.5272001885
1784,0.5669246799
1785,0.9511625026
1786,0.4928571898
1787,0.9488222217
1788,-0.0423711898
1789,0.1709644164
1790,0.8796766805
1791,1.1998156513
1792,0.5240686091
1793,0.7384182901
1794,1.1505694281
1795,-0.3207357204
1796,0.2182393728
1797,-0.0279865317
1798,0.2788474235
1799,0.2518473038
1800,-0.1185200204
1801,-0.5171192574
1802,-0.1415652497
1803,0.0889292261
1804,-0.5153840351
1805,-0.5189047620
1806,-0.4868948358
1807,-0.9779159338
1808,-0.5480944328
1809,-0.5945690172
1810,-0.2078351353
1811,0.1257243484
1812,-0.1793541594
1813,0.0097515789
1814,0.1412055678
1815,-0.4977138741
1816,-0.5945762970
1817,0.0598599035
1818,0.7006464703
1819,0.2575662225
1820,-0.6901058512
1821,-0.5115311332
1822,0.1223578333
1823,0.1426060493
1824,-0.6776592231
1825,0.2796471612
1826,-0.2664256385
1827,-0.4354747798
1828,0.2725221893
1829,-0.5006381450
1830,0.5290273046
1831,-0.2330623336
1832,0.0467715962
1833,0.3357173642
1834,0.0468095975
1835,0.5669899683
1836,1.2196107695
1837,0.4658629756
1838,0.8657082042
1839,0.5489592198
1840,0.2707739383
1841,-0.0950134219
1842,0.5415591318
1843,0.5410073855
1844,0.8620562950
1845,1.0362594375
1846,1.3773135295
1847,0.6049003575
1848,-0.0450127731
1849,-0.3457491892
1850,0.3317993404
1851,-0.6207869589
1852,-0.5472665520
1853,-0.0648107766
1854,1.4976970091
1855,-0.2103748684
1856,-0.0245022740
1857,-0.3381487322
1858,1.1171498562
1859,1.9098611891
1860,0.3890306428
1861,0.4931342475
1862,0.2838031774
1863,-0.1047707533
1864,0.4660314878
1865,0.0661297786
1866,1.5450805388
1867,1.7782994876
1868,-0.7849837648
1869,1.0897946371
1870,-0.0754956463
1871,0.1472470703
1872,0.2473996540
1873,0.8334036454
1874,1.2066957233
1875,0.6052334174
1876,-0.5510906438
1877,0.1172538555
1878,0.5136427830
1879,0.2872957158
1880,1.3464295363
1881,0.5061316159
1882,0.9811158731
1883,1.7690829486
1884,1.2629185776
1885,0.8663167961
1886,-0.8024146763
1887,0.2678494832
1888,0.6497672982
1889,0.2825899665
1890,1.6241745850
1891,0.5802287319
1892,0.1232547886
1893,0.5374417996
1894,-0.6911077205
1895,0.1957131428
1896,1.6440383851
1897,0.1718967105
1898,0.2001210106
1899,0.3765562036
1900,-0.6890276433
1901,0.6288895472
1902,0.0784290315
1903,-1.4940602227
1904,1.3676239483
1905,-0.4664892931
1906,-1.4795931290
1907,0.4099675377
1908,2.5874090977
1909,-0.4753777683
1910,0.0186788021
1911,-0.0155725166
1912,1.4250855726
1913,-1.0128972410
1914,-0.0911188616
1915,-0.1078466961
1916,-0.9200169872
1917,-1.5074971280
1918,0.9586911574
1919,0.6939300641
1920,0.2601151303
1921,-0.4093197959
1922,0.2454428843
1923,0.5330079945
1924,0.8336423766
1925,-0.6842497106
1926,-0.4405321598
1927,0.0688668392
1928,0.4151170355
1929,0.8087568351
1930,0.4208389511
1931,-0.5634855379
1932,1.2453540703
1933,0.9373849222
1934,0.7392785907
1935,0.4226097652
1936,-0.1454060779
1937,0.8953181008
1938,0.5535346977
1939,-0.5554107652
1940,0.1887925441
1941,1.3421436456
1942,1.4944901306
1943,2.0099582258
1944,2.4029362778
1945,0.6741324637
1946,-0.2514109607
1947,0.2284735514
1948,0.5677352869
1949,1.2666870617
1950,1.6624369277
1951,0.1879175730
1952,1.2789913965
1953,0.5523936214
1954,0.6780093442
1955,1.7165496770
1956,-0.1727238969
1957,0.5500359321
1958,0.5979529362
1959,1.1032429695
1960,2.2227969799
1961,1.7768548006
1962,1.6020193055
1963,1.8869508711
1964,1.9481279169
1965,1.4397312934
1966,-0.0073836108
1967,1.3076485227
1968,0.7411545275
1969,0.6331428710
1970,-0.9166071748
1971,-0.3821412727
1972,0.6379116287
1973,0.6292736418
1974,1.4783582656
1975,1.6999111778
1976,0.7612948437
1977,0.1547168419
1978,0.1226662483
1979,-0.6337010885
1980,1.1974628843
1981,1.0626750502
1982,1.1250733823
1983,0.6857677871
1984,1.5832926995
1985,0.4013697757
1986,2.2989995221
1987,1.4403737619
1988,1.4735113690
1989,2.0157004861
1990,0.8381669956
1991,0.0221867358
1992,1.4078473610
1993,2.5794936042
1994,2.0688060676
1995,3.4289081755
1996,3.0043796946
1997,1.1079628641
1998,1.8714485325
1999,2.2936420278
2000,2.4511978632
2001,1.1454270998
2002,-0.4599796381
2003,0.0740011124
2004,-0.9688788785
2005,0.4892284730
2006,0.6057966534
2007,0.6605502989
2008,1.6025108805
2009,-0.0328035031
2010,-0.5695928456
2011,1.9729792752
2012,0.9279943776
2013,-0.1634331311
2014,0.0106267737
2015,-0.2413249589
2016,-0.4579263014
2017,-1.8657482310
2018,0.1558711254
2019,1.0345276949
2020,0.6180003701
2021,0.6107958475
2022,1.1204415131
2023,2.8778158603
2024,3.9128252058
2025,0.6666471661
2026,1.5215312393
2027,1.9674185125
2028,1.0689313646
2029,1.3211130755
2030,2.1257266523
2031,2.3608083895
2032,0.5058637742
2033,1.2773338186
2034,1.5801731097
2035,1.7935293464
2036,1.5546994499
2037,1.3197373867
2038,0.3167057664
2039,0.0253219590
2040,-0.1161912679
2041,0.5276452804
2042,0.9274945776
2043,0.7964805271
2044,1.7909450518
2045,1.2304041468
2046,0.2702199561
2047,0.5307438055
2048,0.7414683669
2049,0.8316167653
2050,0.4178775603
2051,0.7056713317
2052,0.3005809234
2053,0.1429914760
2054,0.6859757231
2055,0.0640927285
2056,-0.2374737453
2057,0.5792829753
2058,1.3249759407
2059,0.8485014918
2060,0.2214125115
2061,0.5814143322
2062,0.4067027548
2063,0.6008540356
2064,0.7425986295
2065,0.8097817084
2066,0.5133387528
2067,0.9035212285
2068,1.4728617839
2069,-0.0045371989
2070,0.3493380943
2071,0.8058796262
2072,1.5224734197
2073,0.9742728943
2074,0.8763872092
2075,0.6877260267
2076,0.7296594919
2077,0.6185861231
2078,0.5276308902
2079,-0.3044395045
2080,-0.2422036902
2081,0.5620302302
2082,0.2776339544
2083,0.2893230628
2084,0.4240256943
2085,-0.1713338197
2086,0.2104170952
2087,0.5072541246
2088,-0.1630818325
2089,0.1838124461
2090,0.2497299522
2091,0.5586911102
2092,0.8229238425
2093,0.1225739653
2094,-0.0195584743
2095,0.2591173511
2096,-0.0536679981
2097,0.6711471883
2098,-0.3461324287
2099,-0.4070915217
2100,0.1839672924
2101,1.0075345035
2102,0.0088376373
2103,0.6089493472
2104,0.3912742476
2105,0.0487841389
2106,0.0999804703
2107,-0.1308057896
2108,0.1471331114
2109,-0.0933566945
2110,0.4608687847
2111,0.9116807202
2112,0.9027197525
2113,1.9748656775
2114,2.4604977799
2115,1.7238173356
2116,1.4528733900
2117,0.6337908578
2118,1.4972353074
2119,1.3158294236
2120,0.3303290295
2121,0.3667016420
2122,0.2859348325
2123,0.2533046737
2124,0.2475760452
2125,0.0492939200
2126,0.0586076870
2127,0.0726747248
2128,0.4169252761
2129,0.7617602587
2130,0.5830456342
2131,0.3466597802
2132,0.0768599778
2133,0.4409561328
2134,-0.3717521306
2135,0.1794806320
2136,-0.9068229593
2137,0.3896323751
2138,0.1334755653
2139,0.2624979795
2140,-0.0548527919
2141,1.7207529451
2142,0.0165133003
2143,0.3678991568
2144,-0.2040963630
2145,0.0260458923
2146,0.3780911825
2147,-0.8802645806
2148,-0.7329493097
2149,-0.6072305149
2150,-0.0804258599
2151,-1.4452961992
2152,-0.0956538525
2153,-0.4185887672
2154,0.4897787842
2155,0.1549427150
2156,-0.1491955775
2157,0.6451038027
2158,-0.0321017489
2159,0.0098776752
2160,0.2414319179
2161,0.0050954508
2162,-0.1035743109
2163,0.2145869181
2164,0.5763136891
2165,-0.0842453952
2166,-0.1987098434
2167,0.0145381411
2168,0.5912058552
2169,0.6123605271
2170,0.4273217765
2171,0.6936851448
2172,0.2677666504
2173,0.5434351359
2174,0.6312264735
2175,0.3631329034
2176,0.1630061670
2177,0.4822506546
2178,0.1868424465
2179,0.6360629475
2180,0.2368539935
2181,0.3664738870
2182,0.1148050671
2183,0.1885871706
2184,0.3069913695
2185,0.4554444499
2186,0.1759630343
2187,0.2002643459
2188,0.0503949645
2189,0.0849294827
2190,0.1172890750
2191,-0.0823438854
2192,0.2133965709
2193,-0.2386348955
2194,0.2549028425
2195,0.2656141357
2196,0.0936540236
2197,0.0400206139
2198,0.2186195636
2199,-0.2302584328
2200,0.1885060122
2201,-0.0932000191
2202,0.1692193618
2203,0.0678380642
2204,0.2264340980
2205,0.3536068850
2206,0.2535177390
2207,0.0656313274
2208,-0.1127451093
2209,0.0318460675
2210,0.5094304194
2211,0.5939350415
2212,-0.2665892550
2213,-0.1948115788
2214,-0.1120201075
2215,-0.0470041634
2216,0.0963070628
2217,0.1859686426
2218,-0.0975034149
2219,0.0382704217
2220,0.3049281122
2221,0.4490739488
2222,-0.0200180829
2223,0.2196200605
2224,0.1338071250
2225,-0.0130627929
2226,0.5298802687
2227,0.3270278884
2228,0.2023440944
2229,0.1860301664
2230,0.3231184717
2231,0.3904857192
2232,0.2726105709
2233,0.1704196100
2234,-0.0057127400
2235,0.0624650195
2236,0.1540177026
2237,0.0561999573
2238,0.3649785473
2239,0.0576336786
2240,-1.1718283643
2241,0.1888360141
2242,0.2256023486
2243,0.1269523169
2244,-0.2517823104
2245,-0.3461672245
2246,0.8558476873
2247,0.5542332820
2248,-0.5917006744
2249,-0.6624040260
2250,-0.3645282027
2251,-1.0042646661
2252,-0.5957472584
2253,-0.3271943069
2254,-0.9258564380
2255,-0.8053113198
2256,-1.0992159554
2257,-0.1849197426
2258,-0.5196826462
2259,-0.6348846548
2260,-0.8965516967
2261,-0.8885504072
2262,-0.4358930446
2263,0.3344060457
2264,0.5536388508
2265,0.2381302694
2266,-1.0890810361
2267,-0.5589918949
2268,-0.8285786393
2269,-0.8354916231
2270,0.3157499722
2271,0.0995576090
2272,-0.0425541916
2273,-0.0133039494
2274,-0.1891934995
2275,-0.4048362786
2276,-0.8959981127
2277,0.2255023600
2278,0.2337430536
2279,-0.2638914753
2280,0.4660667288
2281,0.0546543604
2282,0.6309357140
2283,-0.1429370414
2284,-0.1396622195
2285,-0.4940283597
2286,-0.1143812446
2287,-0.6760275042
2288,-0.0014997063
2289,0.3816937336
2290,0.1401882648
2291,0.1046068210
2292,0.8299528678
2293,0.3336395443
2294,0.9151893111
2295,1.0405960061
2296,0.4793503502
2297,0.9037621601
2298,0.6410717787
2299,0.4676502805
2300,0.3637269443
2301,0.5426630635
2302,0.6582489848
2303,-0.1394474678
2304,0.4941099786
2305,0.9230832195
2306,0.2478260885
2307,0.1913188432
2308,0.5087868904
2309,1.7475116105
2310,2.3458510440
2311,3.7572230086
2312,4.2555119817
2313,6.2712594894
2314,8.8661353182
2315,9.7913103617
2316,9.9126841412
2317,10.5386351356
2318,10.6173475463
2319,9.6948002918
2320,8.2348327675
2321,6.7639828133
2322,6.4931249519
2323,3.1318897008
2324,2.5187339257
2325,0.4855888495
2326,0.9229818527
2327,0.3499042393
2328,-0.5124528478
2329,-1.3293361724
2330,-0.5633482719
2331,-0.5907243265
2332,-0.5283339233
2333,0.4279446774
2334,-0.3111820744
2335,-0.0098448979
2336,0.6095930926
2337,0.0076468350
2338,-1.4724614984
2339,0.7636299861
2340,-0.5462730027
2341,0.7091140424
2342,0.2175328549
2343,-1.0036249937
2344,-0.2353516903
2345,0.2152765711
2346,-0.0653370115
2347,0.3049942572
2348,-1.3954113677
2349,0.0829730910
2350,-0.3295230565
2351,-0.1563694713
2352,-0.2258860494
2353,-0.2805788145
2354,-0.3965974658
2355,-0.1905929300
2356,0.1140379447
2357,0.3224751094
2358,-0.6572939962
2359,-0.3401471044
2360,0.0366366863
2361,0.3454973147
2362,-0.0201497507
2363,-0.5818476382
2364,-0.6459278382
2365,-0.9247543355
2366,-0.1281934889
2367,-0.1995855493
2368,0.2603985397
2369,-1.0833707670
2370,-1.0581112020
2371,-1.4576050480
2372,-1.2357723837
2373,-0.7032793552
2374,-0.7673065444
2375,-0.6407229144
2376,-0.3998214915
2377,-0.6281898696
2378,1.8327832808
2379,-0.0166181294
2380,-0.0696128991
2381,-0.1589429086
2382,-0.2303039366
2383,0.0463664962
2384,0.0821996646
2385,0.4021758928
2386,-0.6254808774
2387,0.2393292332
2388,-0.5160152769
2389,-0.0682063953
2390,0.0190524498
2391,0.3298890060
2392,0.2179558021
2393,-0.4426929441
2394,-0.0804665021
2395,-1.0915576938
2396,-1.4526140777
2397,-0.9261302049
2398,-0.8682587259
2399,-0.9087475005
2400,-0.5625144426
2401,-0.6787896632
2402,-0.2855925082
2403,0.1455899125
2404,0.7519645895
2405,-0.0775033836
2406,0.9410241029
2407,1.2733742009
2408,-0.4958297379
2409,0.0425546698
2410,-0.5338024254
2411,-0.3587359687
2412,-1.3029433255
2413,0.2222577835
2414,0.1632992988
2415,-0.0373184008
2416,1.0891098020
2417,0.0664241385
2418,0.9971840102
2419,0.8342840715
2420,-0.2297019752
2421,0.3829336825
2422,0.4569935304
2423,0.6274583129
2424,0.0933464178
2425,-0.5719486311
2426,0.1054493555
2427,0.1666834069
2428,-0.5993567217
2429,0.3524344651
2430,0.0468579724
2431,0.4922661980
2432,0.1337266561
2433,-0.0027944803
2434,0.3524919660
2435,0.2525379543
2436,0.1597262481
2437,-0.3325651795
2438,0.3943245086
2439,0.0605275062
2440,-0.0832945618
2441,-0.1824648634
2442,-0.6899351300
2443,-0.2088086514
2444,-0.0507959237
2445,-0.5663333160
2446,-0.6570300452
2447,-0.6221320785
2448,-0.1707069247
2449,-0.6274977838
2450,-0.3385767073
2451,-0.4920437468
2452,-0.4976850130
2453,-0.3149066201
2454,0.2598582693
2455,-0.0889409029
2456,-0.5800421096
2457,-0.3196574571
2458,-0.3476841605
2459,-0.5112231378
2460,-0.1628246305
2461,-0.5089172174
2462,-0.3913940903
2463,-0.4271349786
2464,0.2702691031
2465,-1.0633109330
2466,0.4797092131
2467,-1.0718306647
2468,-0.5532590460
2469,0.1219003383
2470,0.3637665842
2471,0.6817869783
2472,0.5287189443
2473,0.5041073118
2474,0.3891133219
2475,0.3283531115
2476,-0.2471355586
2477,-0.6403348568
2478,-0.5328034548
2479,0.7215319871
2480,-0.7103152324
2481,-2.0635517018
2482,-0.5948246252
2483,-0.2635133122
2484,-0.8721066322
2485,-0.1873072244
2486,0.2110592085
2487,-0.4935110905
2488,0.1774338703
2489,0.0137654702
2490,-0.5734668525
2491,-0.2259081777
2492,-0.6908426683
2493,0.0804427696
2494,-0.5888643991
2495,-1.3808580385
2496,-2.1216555271
2497,-1.0640407844
2498,-1.0154446641
2499,-0.2928803984
2500,-1.3858080937
2501,-1.6128235109
2502,-0.8670636203
2503,-1.6225528101
2504,-1.1333381348
2505,0.3369967603
2506,0.5336631356
2507,-0.4325385397
2508,-0.0922101753
2509,0.7106481435
2510,0.3358643204
2511,-0.3528378097
2512,-1.0336256389
2513,-0.4709935874
2514,0.4523721192
2515,0.2316417836
2516,0.3910247402
2517,0.5887437363
2518,-0.3790832995
2519,-0.5068088305
2520,-0.4205316405
2521,-1.1253419545
2522,0.8562093159
2523,-0.2402190845
2524,-0.6226431905
2525,-0.0677753876
2526,-0.3293039583
2527,0.7085005036
2528,0.2483708898
2529,-1.0751075548
2530,-1.2823520080
2531,1.1550015730
2532,0.0566247921
2533,-1.1691732345
2534,-0.3766489805
2535,-0.7107667544
2536,-1.2153196824
2537,0.3270237956
2538,-0.6554677308
2539,-0.4356879493
2540,-0.8258430803
2541,-0.1047924630
2542,0.1229978347
2543,-0.2494655212
2544,1.6584339451
2545,0.2293121029
2546,-1.2655204178
2547,-2.7275246267
2548,1.7976582326
2549,-0.1895318678
2550,0.4490101032
2551,0.8138522821
2552,-1.0740267014
2553,2.7054150770
2554,0.6388676001
2555,-0.8472289521
2556,1.4226756699
2557,2.4400567632
2558,0.8356751237
2559,0.2050938129
2560,-0.3591041285
2561,0.2702400232
2562,-0.0075577659
2563,-0.4010705067
2564,0.0431555480
2565,0.2167331462
2566,0.0731504901
2567,0.2391989094
2568,0.3989545176
2569,-0.1427409543
2570,-0.5929400164
2571,-0.3366578295
2572,-0.4546513739
2573,0.0890450760
2574,0.4597851818
2575,0.0025080365
2576,-0.7657536882
2577,-0.5455072658
2578,-0.3162794986
2579,-0.4659110303
2580,0.0938845667
2581,-0.0019776090
2582,-0.3310759032
2583,0.2664557973
2584,-0.7931426882
2585,-1.0779088113
2586,-0.5813912188
2587,-0.7323987201
2588,0.3518114473
2589,0.1530871319
2590,0.0357251886
2591,-0.4737615217
2592,-0.0687375737
2593,-0.1221743249
2594,-0.0756398386
2595,0.0385559014
2596,0.0587418649
2597,0.3318100049
2598,0.1523708903
2599,-0.2549325105
2600,-0.0507781675
2601,-0.4331429649
2602,-0.0895274326
2603,0.1824882796
2604,-0.1172705485
2605,0.3098412353
2606,0.0053109533
2607,-0.2042476752
2608,0.1571664081
2609,-0.2887458775
2610,0.0976694164
2611,-0.0683718378
2612,-0.2448930049
2613,-0.0412379367
2614,-0.1268679942
2615,0.1364013027
2616,0.2332336595
2617,0.1677958170
2618,0.0834629712
2619,0.1478345056
2620,-0.1982475309
2621,-0.3028194457
2622,-0.3668910979
2623,-0.4019103245
2624,0.1926137156
2625,0.0203498030
2626,-0.2269638819
2627,0.1671699171
2628,0.0492044617
2629,-0.2257877411
2630,-0.0713295418
2631,-0.8128052692
2632,-0.2954777135
2633,-0.1510396370
2634,-0.2515806732
2635,0.2667451629
2636,-0.1512127867
2637,-0.1383889022
2638,-0.2328663131
2639,-0.4057332657
2640,-0.0823351602
2641,-0.0356277647
2642,0.3059172616
2643,0.2601832002
2644,0.1505518302
2645,0.0094266893
2646,-0.2215877140
2647,-0.1988073505
2648,-0.4176602751
2649,-0.4814126413
2650,-0.3298150066
2651,-0.6983808920
2652,0.0860857862
2653,0.0298817117
2654,0.0460176588
2655,-0.4853666722
2656,-0.9125238676
2657,-0.3188285047
2658,-0.6578091274
2659,-1.3278063425
2660,-0.7989719356
2661,-0.4712235917
2662,-0.8314950213
2663,0.0490750450
2664,-0.5030121415
2665,-0.9224014998
2666,-0.5656946813
2667,-0.3358612415
2668,-0.1752918377
2669,-0.1411864240
2670,-0.0434891328
2671,-0.1085210362
2672,-0.3541000787
2673,0.0010146041
2674,-0.2996729776
2675,-0.5913233014
2676,-0.5122802336
2677,-0.5343687665
2678,-0.0430414624
2679,-0.5232317228
2680,-0.3469845612
2681,-0.6544584631
2682,-0.8512487521
2683,-0.4419485316
2684,0.0956134024
2685,0.0718403908
2686,-0.0651830806
2687,-0.3796839003
2688,-0.5694811070
2689,-0.5476564912
2690,0.0952720022
2691,-1.2591201014
2692,-0.1495828974
2693,-0.9588305370
2694,0.3306043124
2695,-0.2965047757
2696,-0.1120453184
2697,-0.5649723948
2698,-0.0798854377
2699,-0.8001538160
2700,-0.1628367175
2701,-0.6637727532
2702,-0.0694510813
2703,-1.1248662132
2704,-1.5245166680
2705,-0.8821261823
2706,-1.1730203544
2707,-0.4571040594
2708,0.3322957191
2709,0.7719605715
2710,1.1865897509
2711,0.1025821405
2712,0.2281023308
2713,0.2438401952
2714,-0.4631982872
2715,0.1615591389
2716,-0.3894255333
2717,-0.3459121619
2718,-0.5059920574
2719,-0.4900787966
2720,-0.8429024624
2721,-0.1323548554
2722,-1.0718001290
2723,-0.1846193132
2724,-0.3189963674
2725,-0.5425784371
2726,-0.4090503536
2727,-0.5977925315
2728,-0.0428706183
2729,-0.2753775297
2730,-0.4137234397
2731,-0.4358248608
2732,-0.1303622589
2733,-0.5973292066
2734,-1.1556216374
2735,-0.3664526683
2736,-1.0042258475
2737,-0.5148485012
2738,0.7087809916
2739,-0.8886828023
2740,-0.4630573934
2741,-1.0303180836
2742,-1.1065953428
2743,-2.0075706340
2744,-0.7438078954
2745,-0.8581345261
2746,-0.8336449584
2747,-1.8148027827
2748,-1.0854466284
2749,-1.3438662807
2750,-0.5506583391
2751,-1.3003293361
2752,-0.1544255041
2753,-0.4080291026
2754,-0.8608212479
2755,-1.4913034011
2756,-0.0573129870
2757,-0.2462205708
2758,-0.5750391563
2759,-0.9444517642
2760,-0.5054037115
2761,-0.7650787534
2762,-0.4498310119
2763,-1.1700717819
2764,-1.3871398791
2765,-0.3186765605
2766,-0.4219568701
2767,-0.8306798889
2768,-0.3217730691
2769,-0.3587241020
2770,-1.0309024656
2771,-0.6254317232
2772,-0.1435123699
2773,-0.5467029979
2774,-0.8697044018
2775,-0.8925227238
2776,-0.7218848113
2777,-0.4465095097
2778,-0.8499818408
2779,-0.3284043581
2780,-0.1006145288
2781,-0.8631088327
2782,-0.8674571319
2783,-0.4479957705
2784,-0.4327361065
2785,-0.1364288068
2786,-0.1767189052
2787,-0.0722676968
2788,-0.1620544157
2789,-0.8886068253
2790,-0.6629187731
2791,-0.4956174559
2792,-0.3707374255
2793,-0.0037899133
2794,-0.4073057977
2795,0.1917703273
2796,-0.7331812699
2797,-0.6805683347
2798,-0.0755867263
2799,-0.1486996761
2800,-0.0822681467
2801,-0.4202979041
2802,0.3490923748
2803,0.0885583392
2804,-0.1198497777
2805,-0.1235491447
2806,-0.4372454479
2807,-0.0109571309
2808,-0.6519672781
2809,-0.1991653794
2810,0.2529408859
2811,-0.5510714849
2812,-0.8598938356
2813,-0.7265591114
2814,-0.5735786772
2815,-1.1787093050
2816,-1.0667861093
2817,-1.1337772268
2818,-0.2997693697
2819,-1.1297534532
2820,0.0055063616
2821,-0.4913334211
2822,-0.0296569014
2823,-0.0885762189
2824,0.5318406051
2825,-0.8579679020
2826,-0.7354880941
2827,-1.7345563664
2828,-2.3637212940
2829,-0.2830770555
2830,-1.9598627827
2831,-0.1827968285
2832,-1.3597156890
2833,-0.7671152499
2834,-1.6621992221
2835,0.1457366655
2836,-0.8170457142
2837,-1.4544407372
2838,-0.7489761419
2839,-1.1726685426
2840,-0.5992418420
2841,0.8680527940
2842,0.4677325133
2843,0.7895404562
2844,0.2812835132
2845,-0.1413168816
2846,-0.5626694770
2847,0.3052414840
2848,-1.0658159209
2849,0.6489517668
2850,0.5713457931
2851,1.1632717765
2852,2.1402118414
2853,1.4245037654
2854,-1.2548483872
2855,-0.0322363087
2856,0.0816411428
2857,-0.5247472033
2858,-0.7934911415
2859,0.2811537342
2860,0.5818062084
2861,-1.2198352950
2862,-2.2070678451
2863,-0.8019674271
2864,-0.3316617977
2865,-0.7033442095
2866,0.0638932077
2867,-1.2000928685
2868,-2.0226386965
2869,-0.4302716425
2870,-1.2846603796
2871,-2.2115508881
2872,0.5497690795
2873,-1.4855313401
2874,-2.0058281168
2875,-1.8216615766
2876,-1.9780455627
2877,-2.1174876451
2878,-2.1944263474
2879,-1.1432243507
2880,-1.3349447771
2881,-1.1481232252
2882,-0.6877979915
2883,0.0479829516
2884,1.8336516668
2885,-0.3423278616
2886,-1.1382417988
2887,-0.6080184433
2888,-1.0432865832
2889,-2.0468078999
2890,-1.3213865850
2891,-1.4797548863
2892,-2.0165499516
2893,-3.1141980036
2894,-1.5366177220
2895,-0.7035731677
2896,-1.4973617959
2897,-1.2273928742
2898,0.9337844058
2899,0.1246896146
2900,-0.1977187673
2901,0.2517965151
2902,-0.1137651028
2903,0.3909794678
2904,0.4156700719
2905,1.5524619963
2906,0.6538951720
2907,0.7429216351
2908,0.0892647373
2909,0.1836982059
2910,1.5311420458
2911,2.9265073293
2912,0.2672129151
2913,0.0376470600
2914,-0.3277340557
2915,-0.1573906827
2916,0.6384674613
2917,0.4251533144
2918,-0.8059815918
2919,0.0515589360
2920,-2.3744283213
2921,-1.3770046193
2922,-1.0028866685
2923,-0.9059574997
2924,0.5650911003
2925,0.0547652197
2926,0.0453057671
2927,-0.8365490004
2928,0.8391427189
2929,0.6605432185
2930,0.2193623545
2931,1.3843514995
2932,0.4638570169
2933,-1.5904691956
2934,1.2434975831
2935,0.6301765291
2936,0.8586578355
2937,-1.1381722537
2938,0.1410557109
2939,-0.2674955866
2940,-0.7285798647
2941,-1.4768394146
2942,-0.4452691458
2943,0.0285092681
2944,-0.8374507518
2945,-0.4729710921
2946,-0.0965059685
2947,0.9632926296
2948,0.7583180988
2949,-0.1898013324
2950,-0.2093425414
2951,2.2349496386
2952,0.9002828889
2953,0.0447037130
2954,0.4354487067
2955,0.1258691744
2956,0.1832268295
2957,0.7153799096
2958,0.9290790235
2959,1.5890690892
2960,-0.7069625075
2961,-0.1196434341
2962,0.4282781743
2963,-0.1172813237
2964,0.1594348316
2965,0.5867708853
2966,0.5518846403
2967,0.0383393853
2968,-0.2490262627
2969,-0.2706986836
2970,-0.4339469527
2971,-0.3473840786
2972,0.0371720013
2973,0.3727872422
2974,-0.0672874578
2975,-0.3317842244
2976,0.6236935448
2977,-0.9837540059
2978,0.5167591977
2979,-1.0281558447
2980,-1.5069898100
2981,-1.3538649181
2982,-0.7972597893
2983,-1.7208186054
2984,-2.8751596854
2985,-1.8058934814
2986,-0.4102663833
2987,-0.5909724804
2988,-1.2928961548
2989,-2.0798373172
2990,-0.9266242742
2991,-0.9460789975
2992,-0.7166589871
2993,-0.1702687064
2994,-2.5684113635
2995,-0.9320455334
2996,-0.8807389829
2997,-2.6535851919
2998,-2.2442310932
2999,-3.1877897987
3000,-0.9780895102
3001,-0.2873957865
3002,-0.2867453960
3003,-0.5872124363
3004,0.0765911362
3005,-2.2408191667
3006,-0.7656227024
3007,-2.3631307029
3008,-0.9967912007
3009,-0.1980683862
3010,-1.0720234531
3011,0.2132272832
3012,1.6721122470
3013,-0.0514921605
3014,0.5213774848
3015,0.5070972112
3016,0.6760982562
3017,-0.2211805740
3018,-0.7711779123
3019,-0.6251360478
3020,-0.1066258588
3021,-2.2663795132
3022,-0.2910156567
3023,-1.0218987200
3024,-0.0487749574
3025,0.6514978473
3026,-1.2129882377
3027,-1.1057084862
3028,0.1279223536
3029,-1.0355480968
3030,0.6646978310
3031,0.4482718461
3032,0.6191306417
3033,-0.4809669004
3034,-0.0246188802
3035,0.4953573614
3036,0.9151419220
3037,-0.1731162862
3038,-0.9381017120
3039,-0.7619563841
3040,-0.3246489123
3041,0.0121198729
3042,-0.3720327943
3043,-0.1064374907
3044,-1.2617186822
3045,0.8041312002
3046,0.6336488389
3047,1.9484957490
3048,2.2971125279
3049,1.2766032049
3050,1.8560402674
3051,-0.7292706208
3052,-0.2172908777
3053,-0.1715345027
3054,1.4436756155
3055,1.3495144116
3056,1.2675604462
3057,1.6819941462
3058,1.0478024625
3059,-1.3471599185
3060,-0.6943786549
3061,-0.6859155505
3062,-1.9158774630
3063,-3.2053052726
3064,-2.6305974718
3065,1.0443241417
3066,-1.0460067195
3067,0.5431387517
3068,-0.4119447438
3069,0.7361737718
3070,-1.8805125827
3071,-1.2472405890
3072,-0.0685625572
3073,-0.4501786742
3074,-0.4856082084
3075,-0.8009908845
3076,-0.3747512159
3077,0.6112586551
3078,-0.1366402326
3079,-0.6638911047
3080,-0.7430169093
3081,-0.6092247526
3082,-0.1322753489
3083,0.1480248467
3084,0.2624483123
3085,1.1193975710
3086,-0.0465887416
3087,-0.0822389546
3088,-0.2547628665
3089,-0.1898451295
3090,0.2681169023
3091,0.6682101938
3092,0.8567438906
3093,0.4125692280
3094,-0.0818830984
3095,-0.5980345962
3096,-0.7784601599
3097,-0.1879104901
3098,-0.5121607106
3099,-0.2499245602
3100,-0.3886800088
3101,-0.1664199078
3102,0.0187097461
3103,-0.7204672749
3104,-0.5348312896
3105,-0.3872615917
3106,-0.6720786944
3107,0.0078925667
3108,0.6536221316
3109,-1.0095979079
3110,-0.7808709615
3111,-0.5788534866
3112,0.0713506712
3113,-0.4195137102
3114,-0.8011979735
3115,-0.6702036384
3116,0.0390739422
3117,0.0466866128
3118,0.2099103811
3119,-0.1161346898
3120,-0.1040401781
3121,-0.3894302558
3122,0.0336140824
3123,-0.1095154039
3124,0.2926953163
3125,-0.1849987357
3126,-0.4646446719
3127,-0.3383392236
3128,-0.0363680315
3129,0.4403958849
3130,-0.4532953022
3131,-0.0726648610
3132,-0.1604978349
3133,-0.5318353265
3134,0.0748504568
3135,0.3919173633
3136,-0.1246854655
3137,0.0197549204
3138,-0.5276690759
3139,0.5087800152
3140,-0.0290447442
3141,-0.8626899685
3142,-0.0180769522
3143,-1.4369596693
3144,-1.1575758214
3145,-0.3263888018
3146,-0.7931063437
3147,-0.1842527660
3148,0.1135548752
3149,-0.3216686264
3150,-0.3596812400
3151,0.1627234020
3152,0.0297987233
3153,-0.0234341156
3154,-0.0690426396
3155,-0.2796196367
3156,-0.1101524325
3157,-0.2084708917
3158,-0.4302463210
3159,-0.2685757439
3160,-0.9329941599
3161,-0.3642355202
3162,-0.5967931268
3163,0.2360127155
3164,-0.1824441735
3165,-0.7473046598
3166,-0.2568356767
3167,-1.1777753323
3168,-1.2889577823
3169,-1.0686879782
3170,-1.4269441630
3171,-1.8127982528
3172,-2.8375185846
3173,-3.0193204490
3174,-4.1242013609
3175,-5.2886235328
3176,-6.2118838365
3177,-6.2581327417
3178,-7.7017501047
3179,-7.9355224502
3180,-8.7474665935
3181,-8.6874484102
3182,-8.6083991669
3183,-7.8744152105
3184,-7.3756099381
3185,-6.8271753200
3186,-5.6350512708
3187,-5.4177649889
3188,-4.7825870814
3189,-3.5512479330
3190,-2.8757194337
3191,-1.8848046048
3192,-1.2146490196
3193,-0.6718262465
3194,-0.7280036890
3195,-0.6155338405
3196,-0.4605868827
3197,0.0854915706
3198,0.0553115773
3199,0.2733123643
3200,2.4514126815
3201,0.2875445566
3202,0.4405857445
3203,-0.2033811712
3204,1.1345991143
3205,0.9605009184
3206,1.3408029645
3207,0.7787326073
3208,1.1953961318
3209,1.6648073545
3210,-0.3512451132
3211,-0.5321265172
3212,-1.0677500292
3213,-0.4752482378
3214,-0.2777092388
3215,0.0004000556
3216,-0.1843578095
3217,0.7172470692
3218,0.3741543155
3219,1.4155382767
3220,0.7566508164
3221,1.0571650096
3222,0.7525930610
3223,-0.2746326587
3224,-0.6331217258
3225,-0.9325856701
3226,-1.5767681117
3227,-0.6383437597
3228,-1.1500023504
3229,-0.1336178620
3230,0.2236942917
3231,-0.8215102780
3232,-0.4684461088
3233,-1.4544948915
3234,-0.7087719923
3235,-0.6432531355
3236,-0.8731304226
3237,0.2394396882
3238,-0.9117380083
3239,-0.6802954458
3240,-0.4286923577
3241,0.3539511785
3242,0.3943410135
3243,-0.3743573921
3244,-0.5534865676
3245,0.0703884132
3246,-0.6205274476
3247,0.3074372875
3248,-1.0989042822
3249,1.9582465215
3250,-0.6056708394
3251,-0.4935082945
3252,-0.4634223942
3253,-1.2113707307
3254,-1.5425429154
3255,0.5281681763
3256,-0.3153140242
3257,-1.0213887973
3258,-0.9873166592
3259,-1.2177415402
3260,-0.9379659987
3261,0.5694669641
3262,0.8668354647
3263,0.0721237337
3264,-0.3921425160
3265,0.3085225975
3266,-1.4650437410
3267,-0.7960771372
3268,-0.7612426907
3269,-1.2171986894
3270,0.7911556392
3271,0.0441925495
3272,-1.7076577489
3273,-0.9443482576
3274,0.1469572287
3275,-1.2152180274
3276,-1.6117411146
3277,-0.7058848205
3278,-0.5188968804
3279,0.9020612163
3280,0.1868237690
3281,1.7702129968
3282,-0.1674937187
3283,0.8619914252
3284,0.1586437775
3285,0.2108174913
3286,-0.5131511058
3287,0.1528551279
3288,-0.7053296148
3289,-0.0013159837
3290,-0.3534333059
3291,0.1861611238
3292,0.2807179928
3293,0.1489059516
3294,0.7107139523
3295,1.6630013515
3296,0.9265342015
3297,0.3474318108
3298,1.5808201374
3299,0.1332293027
3300,-0.8010842196
3301,-1.2473953258
3302,-0.3488332538
3303,-1.4458364519
3304,-1.0956116627
3305,0.8059725399
3306,-0.7228476783
3307,-0.7484798041
3308,-1.3826515666
3309,-0.4306201694
3310,-0.0897861019
3311,-0.2275617429
3312,-0.9227413276
3313,-0.6138418378
3314,-0.0726901167
3315,1.0101050939
3316,-0.0325778866
3317,-1.1552826981
3318,-0.5735855465
3319,-1.3588572920
3320,-0.4457319172
3321,-0.2055119755
3322,-0.8326368443
3323,0.1444275181
3324,-0.4953987279
3325,0.5617299723
3326,-0.2736339231
3327,-0.0434207063
3328,-0.4865486169
3329,-0.7673030690
3330,-0.6150876077
3331,-0.2477243723
3332,-0.3762945679
3333,-0.0946795922
3334,-0.4706873911
3335,-1.1095461369
3336,-0.9630987352
3337,-0.2019131951
3338,-1.1540647493
3339,-1.2597859643
3340,-1.6466102525
3341,0.0760733003
3342,-0.9900065470
3343,-0.8335646269
3344,-0.3329548788
3345,-0.5887746763
3346,-0.3529905731
3347,-1.7837689736
3348,-0.4829581869
3349,-1.2645812393
3350,-1.1634674761
3351,-1.5895340632
3352,-1.6255328328
3353,-0.8135665393
3354,-0.9530222765
3355,-1.2072217280
3356,-1.3018956120
3357,-1.3387879638
3358,-0.4378767911
3359,-0.8368474436
3360,-0.0972408057
3361,-0.0414314705
3362,0.2462677299
3363,-0.0063515841
3364,-0.8414707059
3365,-1.8108204861
3366,-0.7433915177
3367,-1.0930822739
3368,-0.6091517853
3369,-0.2475134830
3370,-0.6753058727
3371,0.0300482851
3372,-0.1732526368
3373,-1.3451627554
3374,-0.2287957391
3375,-0.4293131468
3376,-0.0930032793
3377,-0.1345102901
3378,-0.8280033193
3379,-0.2816361000
3380,-0.6908610016
3381,-0.3101841068
3382,-0.5378883679
3383,-0.6221622396
3384,-1.1582331495
3385,-1.4715611739
3386,-1.0256575726
3387,-0.5660532542
3388,-0.6490671844
3389,-0.8797005389
3390,-0.8126264393
3391,-0.8671297776
3392,-1.3379145883
3393,0.1160012143
3394,-0.6108739743
3395,-0.5937151750
3396,-0.3132807218
3397,-0.1024064570
3398,-0.2474089097
3399,0.0006517058
3400,-0.2076335175
3401,0.5628747736
3402,0.0564734013
3403,0.5901959912
3404,1.1624803296
3405,-0.2562773053
3406,-0.9491210901
3407,-0.0052161965
3408,0.3123073525
3409,0.1597610395
3410,0.6486213566
3411,-0.3580003655
3412,0.7159749160
3413,-0.0092673850
3414,-0.0312447461
3415,0.1625286586
3416,0.2927946759
3417,0.1004710912
3418,0.4205336737
3419,-0.3573363907
3420,0.6455216546
3421,0.0159839904
3422,0.5826674116
3423,-0.7257091907
3424,-0.6905802836
3425,-0.7964110851
3426,-1.6049258989
3427,-0.6982169048
3428,-1.0100400159
3429,-1.2129291352
3430,-0.5471686548
3431,0.8049200705
3432,-0.6715047569
3433,-0.0390167497
3434,-0.4167378630
3435,-0.5135515964
3436,-0.1669978564
3437,-0.8148729390
3438,-0.5241428132
3439,-0.0162750019
3440,-0.1962068718
3441,-0.3418424348
3442,-0.2297811371
3443,-0.3532771802
3444,0.0905006183
3445,-0.0869589258
3446,-0.7201797140
3447,-0.2082105982
3448,0.4858704984
3449,-0.4141996971
3450,0.0969979371
3451,0.3250627287
3452,0.3504900253
3453,0.0920298715
3454,0.0038545584
3455,-0.4351501250
3456,0.1665391394
3457,-1.7058201874
3458,-1.9870040631
3459,-0.7192183425
3460,0.0505750091
3461,-0.8423977230
3462,1.1398222676
3463,-1.6956790064
3464,-0.3370779932
3465,-0.7192772039
3466,0.1243908269
3467,0.0163949603
3468,-1.0939145413
3469,-1.4700389619
3470,-0.7812474430
3471,-1.2918373283
3472,0.0533820275
3473,-0.7291394757
3474,-0.3926782184
3475,-0.8913051998
3476,-0.3332510409
3477,-0.9293375584
3478,-0.4229259103
3479,0.2802756409
3480,0.0147718060
3481,0.3989666451
3482,-0.4300986943
3483,0.0209001161
3484,0.3657467826
3485,0.3526789497
3486,-0.4424995203
3487,-0.0920757891
3488,0.7230055979
3489,0.9177317904
3490,0.0099657801
3491,1.0401165828
3492,0.6858443630
3493,0.6628346952
3494,0.4171550695
3495,0.2335774328
3496,-0.0592756078
3497,0.3587620165
3498,0.8782446818
3499,-0.6777368690
3500,-1.3758773165
3501,-0.4951385825
3502,-0.1649499160
3503,-0.6977322014
3504,-0.0327266087
3505,-0.7723367168
3506,-0.4675099727
3507,-0.2406070191
3508,0.1119629884
3509,1.0130287114
3510,0.1335285292
3511,0.8129114655
3512,-0.0088974371
3513,0.5445514342
3514,-0.5517352499
3515,0.4769924536
3516,0.4047726959
3517,-0.0565661514
3518,-0.5621720324
3519,0.4847080144
3520,0.9646867164
3521,1.4158425779
3522,-0.9453762954
3523,-0.5039973216
3524,0.2765774859
3525,0.0531430968
3526,0.2351670136
3527,1.4973040718
3528,-0.1178980887
3529,0.4074295881
3530,-0.2646750664
3531,0.9130496875
3532,0.4231067665
3533,0.3339065855
3534,1.1424981837
3535,-1.9419446503
3536,0.0760167826
3537,-0.3998356381
3538,0.4100149108
3539,-0.1570410600
3540,-0.0064094989
3541,1.3435129213
3542,-0.1545550566
3543,2.8491950340
3544,0.6005619898
3545,0.8563563376
3546,0.0584055899
3547,-0.1209776230
3548,0.6215748633
3549,1.7351937459
3550,1.2819721556
3551,-0.4182126176
3552,-1.4987007492
3553,-1.0214332421
3554,-0.8770333700
3555,-1.1657351284
3556,-0.1488731369
3557,1.0931384920
3558,0.1589694513
3559,0.5022125986
3560,0.9602119027
3561,0.8186048931
3562,-1.4531142076
3563,-0.4407831055
3564,2.4090270524
3565,-0.8163569445
3566,0.7294605750
3567,0.2099543802
3568,0.2429808487
3569,0.9773816022
3570,0.1556443336
3571,0.2960530854
3572,1.1138610479
3573,1.2682267478
3574,0.1343206733
3575,0.5787156476
3576,0.2461663803
3577,0.0552128481
3578,-1.4044771252
3579,0.5139762408
3580,0.7719631793
3581,-1.1427265771
3582,-1.0018863910
3583,0.2939308683
3584,0.4500581558
3585,0.7653914381
3586,-0.1293409385
3587,0.1282738346
3588,0.0950238334
3589,-0.1242809572
3590,-0.3921092545
3591,-0.7797057008
3592,0.4865865017
3593,0.3606718617
3594,0.6297283267
3595,0.3312766978
3596,0.7118039756
3597,0.6047679709
3598,0.4108353690
3599,0.2684563711
3600,0.5860931015
3601,0.1892015078
3602,0.3859228947
3603,0.3415765639
3604,-0.0422092402
3605,0.0123718615
3606,0.1394196472
3607,-0.1516653197
3608,0.7162885561
3609,0.4424906854
3610,0.6624823593
3611,0.9768926466
3612,0.8493879705
3613,0.4629803790
3614,0.1811258623
3615,0.3232750646
3616,-0.4065833476
3617,0.4294637149
3618,-0.2538422692
3619,-0.5821891226
3620,0.1258566390
3621,-0.0241191064
3622,-0.2136723749
3623,-0.3390738601
3624,0.0702701231
3625,-0.5336157459
3626,-0.2179043932
3627,0.1397569501
3628,0.4451152332
3629,-0.3610191667
3630,-0.5685799670
3631,-0.3718236948
3632,-0.0713653509
3633,-0.0077194761
3634,0.3294239336
3635,-0.3548419847
3636,-0.2355056373
3637,-0.3989439215
3638,-0.0526063862
3639,-0.1343053329
3640,0.2654329943
3641,0.2348624213
3642,0.2181214137
3643,0.5546076534
3644,0.5990322994
3645,0.5192534503
3646,-0.0025223593
3647,0.0043881369
3648,-0.3260422052
3649,0.2881254650
3650,-0.0565006934
3651,-0.1287169153
3652,0.0614775064
3653,-0.5150390538
3654,-0.5794070265
3655,-0.0835637220
3656,-0.0235821259
3657,-0.2554664855
3658,-0.2021713298
3659,0.3163860038
3660,0.1065116536
3661,-0.0794372156
3662,-0.0222086924
3663,-0.0586362320
3664,-0.6480797065
3665,-0.6776861734
3666,0.7419515593
3667,0.1405528377
3668,-0.2121710317
3669,-0.2058319058
3670,-0.2336047115
3671,-0.3339525288
3672,-0.2903626202
3673,-0.0175082833
3674,0.2569569398
3675,-0.1593235408
3676,0.1713077213
3677,-0.3755664422
3678,0.1448298404
3679,0.2076510533
3680,-0.1423642170
3681,0.0053244261
3682,0.1518617752
3683,0.1770554973
3684,0.8250598919
3685,0.3267853163
3686,0.2631341023
3687,0.3426680779
3688,0.2380432797
3689,-0.2437618266
3690,0.2627397771
3691,1.0981575777
3692,1.2292875640
3693,0.8241120469
3694,-0.1421605620
3695,0.1093406896
3696,0.5858227771
3697,0.3928727869
3698,0.4486758417
3699,-0.2069724032
3700,0.9893328791
3701,0.0301437548
3702,0.2605467183
3703,0.1136865639
3704,0.4496093896
3705,-0.5848903404
3706,0.2415809413
3707,-0.5628091573
3708,-0.4245698220
3709,-0.0243493709
3710,0.2467363480
3711,0.5637704715
3712,0.4729576459
3713,1.7583882786
3714,2.7830517405
3715,4.1383346672
3716,6.1440494464
3717,8.4453085304
3718,10.0586530755
3719,10.2044166571
3720,9.9990377451
3721,8.4606235590
3722,6.7625211305
3723,4.6644481593
3724,2.6827651747
3725,1.4582174620
3726,1.0890923971
3727,0.8342576816
3728,0.3145303961
3729,0.4717679356
3730,0.1563617804
3731,0.5998254542
3732,0.1123586095
3733,-0.1156351392
3734,0.0639962352
3735,0.0828571161
3736,0.0260698937
3737,0.0201742952
3738,0.2076501181
3739,0.0858303142
3740,0.1760995551
3741,0.2765381013
3742,0.1670456138
3743,0.0024318666
3744,0.2052919110
3745,-0.0165577212
3746,0.1510728354
3747,0.4374923794
3748,-0.0206299929
3749,-0.0561595857
3750,0.0870597016
3751,-0.0631475547
3752,-0.0914971437
3753,-0.2953814670
3754,-0.1289021596
3755,-0.1360662790
3756,-0.1631445164
3757,-0.7099634736
3758,-0.7221472261
3759,-0.6064489099
3760,0.0000595410
3761,0.0433191590
3762,0.0063989468
3763,-0.3380429490
3764,-0.2266731992
3765,-0.2450207503
3766,-0.4708563933
3767,-0.5688454154
3768,-0.5238506791
3769,-0.6573008764
3770,-0.3604519191
3771,-0.4432033908
3772,-0.4596100482
3773,-0.1876685336
3774,-0.4887268710
3775,-0.2321750409
3776,-0.8205522096
3777,-0.3226826764
3778,0.0108104893
3779,-0.2940725903
3780,-0.8146362972
3781,-0.4127019090
3782,-1.2613406724
3783,-0.3495092114
3784,-0.0309083684
3785,0.6284287390
3786,-0.7072164772
3787,-0.4887144130
3788,-0.4570409257
3789,0.2808840780
3790,-0.2580229486
3791,0.2965189065
3792,0.1161638829
3793,-0.1860488116
3794,-0.4843213545
3795,-0.2973541483
3796,-0.1053419917
3797,-0.1584848033
3798,-0.1634211901
3799,-0.2008714964
3800,-0.5847260374
3801,-0.0868721452
3802,-0.1945838762
3803,-0.4206590037
3804,-0.1773352327
3805,-0.0909116941
3806,-0.1747604054
3807,-0.3317562933
3808,-0.3417072565
3809,0.0716871975
3810,-0.0960152136
3811,-0.4428568857
3812,-0.0689469823
3813,0.6630652119
3814,0.5424129865
3815,0.4024930780
3816,0.0485110102
3817,0.1541895341
3818,-0.5088843526
3819,-0.2203388867
3820,-0.0720658843
3821,-0.8826712486
3822,-0.7506171654
3823,-0.1730650542
3824,0.1816769253
3825,0.5498466413
3826,0.3989101740
3827,0.0977079102
3828,-0.0301436062
3829,0.0342459742
3830,0.2540794843
3831,-0.5945686414
3832,-0.0689977123
3833,0.0275485545
3834,-0.1914553657
3835,0.6940477403
3836,0.1171458563
3837,1.2412789211
3838,0.9183374484
3839,1.1289192519
3840,1.2205875606
3841,2.0786825107
3842,-0.4280720971
3843,-0.6657668340
3844,2.2233955274
3845,0.5017519910
3846,1.9414051139
3847,2.4595126837
3848,0.8465897062
3849,0.0707762769
3850,0.8907459020
3851,2.3071383588
3852,1.7098718612
3853,-0.1384068465
3854,1.2864834224
3855,0.6498418837
3856,-1.8484706156
3857,-0.8180038520
3858,-0.1909586446
3859,-0.9275235519
3860,0.6675390400
3861,1.6861072286
3862,2.3051620394
3863,-1.0214056640
3864,-0.9272597755
3865,1.8408923462
3866,0.1949665506
3867,-0.8940693600
3868,-0.4394636775
3869,-2.6492083334
3870,-0.9686608056
3871,-1.0823783220
3872,0.7372013421
3873,-0.5984622665
3874,0.1808001159
3875,2.0876925751
3876,0.0195120298
3877,2.2669616037
3878,1.6319959620
3879,-0.4569041413
3880,-0.0057786169
3881,-0.3010082382
3882,-0.6398500983
3883,-1.0599790412
3884,-0.7733120194
3885,0.2822410192
3886,0.6370131292
3887,0.5714001793
3888,-2.4964833500
3889,-0.5801144324
3890,0.2242155487
3891,-0.2672207360
3892,-1.0304665684
3893,0.2993617016
3894,-1.0276734548
3895,-0.3957820185
3896,0.1476915392
3897,-0.2935585446
3898,-0.0266200953
3899,-0.0838944391
3900,0.0973098605
3901,-2.2567997446
3902,-1.8482649527
3903,-0.0002199109
3904,-0.7553708692
3905,-0.8426948721
3906,-1.0677055296
3907,1.1331644095
3908,0.7922594987
3909,0.6115885948
3910,0.1938262602
3911,0.8039221626
3912,0.1194308365
3913,1.5580722462
3914,-0.1271607662
3915,0.7270306463
3916,-0.0697244465
3917,0.0222287272
3918,0.3635394429
3919,1.1677878850
3920,1.1884115383
3921,1.9570132309
3922,2.7990004548
3923,2.9332952561
3924,2.0095519229
3925,2.2487506637
3926,2.9455937619
3927,2.1393024328
3928,-0.3101892114
3929,1.0197296612
3930,1.3844381573
3931,1.7653643253
3932,1.4664380800
3933,1.8794167136
3934,1.1222499678
3935,1.4175761912
3936,2.0747419210
3937,-0.1098395226
3938,0.4427172741
3939,1.5535012455
3940,-0.4893550409
3941,-0.8918921218
3942,0.5409694487
3943,-0.2173661928
3944,1.2991564205
3945,-0.4940929020
3946,-0.4997957130
3947,0.5791438724
3948,0.4515684995
3949,0.7707496461
3950,1.0987199477
3951,-0.4139046413
3952,-0.6834561568
3953,-1.0449360327
3954,-0.1119766509
3955,1.2265883409
3956,-0.5474092196
3957,1.3993020855
3958,1.9988568410
3959,-0.0049185639
3960,-0.5805482467
3961,-0.8848515113
3962,-0.9474151294
3963,-0.7127135068
3964,-2.0933765110
3965,-0.2875343727
3966,0.1676529127
3967,0.9150106028
3968,1.0648276939
3969,1.2436623624
3970,3.0823157211
3971,5.1379415946
3972,1.2626387083
3973,1.7139439688
3974,0.0613645764
3975,0.7890250714
3976,1.4540335130
3977,-1.1459687382
3978,0.2332139809
3979,0.4465639606
3980,-0.6691105011
3981,-1.8306760778
3982,-0.4303771500
3983,0.2266311436
3984,1.1674754538
3985,0.1959913835
3986,0.8169740599
3987,0.0571330488
3988,0.7838363239
3989,0.7096335962
3990,0.3614579184
3991,-0.0516468397
3992,1.3682930590
3993,0.5874806898
3994,0.8037960371
3995,-1.5750229684
3996,0.2922384647
3997,-0.0424594831
3998,-0.9208424380
3999,-0.2464556648
4000,1.2219277373
4001,-0.0978637902
4002,1.1864366710
4003,1.4697829576
4004,1.7958495000
4005,0.7486128544
4006,1.9399713080
4007,0.0458574992
4008,1.0066184201
4009,-0.5456549093
4010,1.7582188297
4011,0.6248945443
4012,1.6255889826
4013,1.4747776712
4014,1.0896951143
4015,1.0983378193
4016,1.2513562251
4017,0.6447773719
4018,-0.8466362914
4019,-0.3509215626
4020,0.1733718666
4021,1.3372116358
4022,0.4906106827
4023,-0.6346160237
4024,-0.6535691567
4025,-0.1170828691
4026,0.2008779316
4027,-0.4520880228
4028,0.6856498856
4029,-0.2994998697
4030,-0.9435551222
4031,-0.6545284277
4032,-0.1636166889
4033,-0.5146411075
4034,-1.3949707675
4035,-0.0621788958
4036,-0.3571862043
4037,0.3169933409
4038,-0.2679643409
4039,-0.1473016060
4040,0.8059748289
4041,-0.6908813132
4042,-0.3215050102
4043,-0.2770526377
4044,-0.8818250754
4045,0.8096351108
4046,-0.7011861090
4047,0.2588547138
4048,0.4250051335
4049,0.8863533274
4050,0.7858104506
4051,-0.1391674908
4052,-0.3974720540
4053,-0.3352809733
4054,-0.0587230771
4055,0.3910207512
4056,-0.3318916760
4057,-0.6550068648
4058,-0.9606292313
4059,0.2095552206
4060,0.4136054029
4061,-0.5827509248
4062,0.9323586828
4063,-0.1360784487
4064,0.6564347649
4065,1.1872613361
4066,1.0944998017
4067,-0.9211031174
4068,0.9791078988
4069,-0.1115149729
4070,-0.7811417457
4071,0.0956441764
4072,0.0530962864
4073,-0.2047209027
4074,0.2493620751
4075,0.0749030589
4076,-0.1018922112
4077,0.5584730001
4078,0.8628912006
4079,-0.0595736322
4080,-1.1633299343
4081,-0.5095759057
4082,-1.1221764013
4083,-0.5902592648
4084,-1.9035386643
4085,-0.4937023820
4086,-0.8269149590
4087,-0.7074595463
4088,-0.2303369124
4089,1.1184370536
4090,0.6155484646
4091,1.9369718948
4092,-0.0007201076
4093,0.6493506019
4094,0.3184464674
4095,2.1058008024
