time,indicator,above_alarm_threshold,is_baseline
0.0,0.8927281390016192,False,True
0.02,0.8892741759080077,False,True
0.04,0.8853105367831412,False,True
0.06,0.8808396916142387,False,True
0.08,0.8758644141138543,False,True
0.1,0.8732017889905835,False,True
0.12,0.8708982949923821,False,True
0.14,0.8681622111563468,False,True
0.16,0.8649947512014554,False,True
0.18,0.8613973474914579,False,True
0.2,0.8573716504953887,False,True
0.22,0.8529195281171317,False,True
0.24,0.8480430648940124,False,True
0.26,0.8427445610644974,False,True
0.28,0.8370265315051858,False,True
0.3,0.8308917045373801,False,True
0.32,0.8243430206036289,False,True
0.34,0.8173836308147403,False,True
0.36,0.8127937495117429,False,True
0.38,0.811045607471866,False,True
0.4,0.8089387019819506,False,True
0.42,0.8064750682178428,False,True
0.44,0.8036569134263448,False,True
0.46,0.8004866154302585,False,True
0.48,0.8021605364728909,False,True
0.5,0.8055216962391597,False,True
0.52,0.8085964691769113,False,True
0.54,0.8113847137475112,False,True
0.56,0.8138864032160255,False,True
0.58,0.8161016254972725,False,True
0.6,0.8180305829527402,False,True
0.62,0.8196735921382335,False,True
0.64,0.8210310835021453,False,True
0.66,0.8221036010342543,False,True
0.68,0.8228918018649726,False,True
0.7000000000000001,0.8233964558149786,False,True
0.72,0.8236184448951932,False,True
0.74,0.8235587627570715,False,True
0.76,0.8232185140932028,False,True
0.78,0.8225989139882258,False,True
0.8,0.8217012872200927,False,True
0.8200000000000001,0.8205270675117227,False,True
0.84,0.8190777967331194,False,True
0.86,0.8173551240540363,False,True
0.88,0.8153608050472965,False,True
0.9,0.8130967007428981,False,True
0.92,0.8105647766330524,False,True
0.94,0.8077671016283271,False,True
0.96,0.804705846965088,False,True
0.98,0.8013832850644524,False,True
1.0,0.7978017883429939,False,True
1.02,0.797967726591215,False,True
1.04,0.8035683731733285,False,True
1.06,0.8088414119173833,False,True
1.08,0.8137830748469083,False,True
1.1,0.818389723067794,False,True
1.12,0.8226578506943986,False,True
1.14,0.8265840888000172,False,True
1.16,0.8301652093889605,False,True
1.18,0.8333981293872732,False,True
1.2,0.8362799146488987,False,True
1.22,0.8388077839738548,False,True
1.24,0.8409791131347513,False,True
1.26,0.8427914389077241,False,True
1.28,0.8442424631036012,False,True
1.3,0.8453300565948579,False,True
1.32,0.8460522633336397,False,True
1.34,0.84640730435585,False,True
1.36,0.8463935817660269,False,True
1.38,0.8460096826974276,False,True
1.4,0.845254383241454,False,True
1.42,0.8441266523402443,False,True
1.44,0.842625655635962,False,True
1.46,0.8407507592699935,False,True
1.48,0.838726857820307,False,True
1.5,0.839644903282608,False,True
1.52,0.8400790029283676,False,True
1.54,0.8400267395784914,False,True
1.56,0.8394859680183968,False,True
1.58,0.8384548204688104,False,True
1.6,0.8369317119743059,False,True
1.62,0.8349153457003564,False,True
1.64,0.8324047181293243,False,True
1.66,0.8300502475023137,False,True
1.68,0.8308181241647264,False,True
1.7,0.8309329814702137,False,True
1.72,0.8309570051245697,False,True
1.74,0.8309198512877144,False,True
1.76,0.8304168478499622,False,True
1.78,0.8306979456523719,False,True
1.8,0.8338577181311392,False,True
1.82,0.8365131831266628,False,True
1.84,0.8386605253701935,False,True
1.86,0.8402961898695355,False,True
1.88,0.841416888828677,False,True
1.9,0.8420196086118645,False,True
1.92,0.8421016167464609,False,True
1.94,0.8416604689583504,False,True
1.96,0.8427564687257348,False,True
1.98,0.8474058160806527,False,True
2.0,0.8515673320101359,False,True
2.02,0.8571775372692804,False,True
2.04,0.8646496988208304,False,True
2.06,0.8717710201193484,False,True
2.08,0.8785397400123761,False,True
2.1,0.884954267619205,False,True
2.12,0.8910131812397598,False,True
2.14,0.8967152271501453,False,True
2.16,0.9020593182875594,False,True
2.18,0.9070445328274017,False,True
2.2,0.9116701126555181,False,True
2.22,0.9159354617386389,False,True
2.24,0.9198401443961784,False,True
2.26,0.9233838834766693,False,True
2.28,0.9265665584422083,False,True
2.3000000000000003,0.9293882033643985,False,True
2.32,0.9339230758465948,False,True
2.34,0.938476673866238,False,True
2.36,0.942620279333382,False,True
2.38,0.946353780337246,False,True
2.4,0.9496772622840597,False,True
2.42,0.9525910051858263,False,True
2.44,0.9550954808443879,False,True
2.46,0.9571913499357967,False,True
2.48,0.9588794590000882,False,True
2.5,0.960160837341634,False,True
2.52,0.9610366938453309,False,True
2.54,0.9615084137139501,False,True
2.56,0.9615775551320372,False,True
2.58,0.961245845861796,False,True
2.6,0.9611351740402166,False,True
2.62,0.9620741832626791,False,True
2.64,0.9626031212919924,False,True
2.66,0.9627235096776734,False,True
2.68,0.9624370405351733,False,True
2.7,0.9617455731915213,False,True
2.72,0.9606511307832791,False,True
2.74,0.9591558968122609,False,True
2.76,0.9572622116644515,False,True
2.78,0.9549725690975582,False,True
2.8000000000000003,0.9522896127026002,False,True
2.82,0.9492161323449091,False,True
2.84,0.9457550605898807,False,True
2.86,0.9419094691187547,False,True
2.88,0.9427347662404485,False,True
2.9,0.9433929282057512,False,True
2.92,0.9436580320798086,False,True
2.94,0.9435306380594569,False,True
2.96,0.943011465502738,False,True
2.98,0.9421013914943056,False,True
3.0,0.9408014493698026,False,True
3.02,0.9391128272020023,False,True
3.04,0.9370368662514738,False,True
3.06,0.9345750593844798,False,True
3.08,0.9317290494607783,False,True
3.1,0.9285006276939227,False,True
3.12,0.9248917319866091,False,True
3.14,0.9248639115761367,False,True
3.16,0.9297110720315739,False,True
3.18,0.9340527766784122,False,True
3.2,0.9378842959100675,False,True
3.22,0.941201309777954,False,True
3.24,0.9439999138056123,False,True
3.26,0.9462766241641459,False,True
3.28,0.9480283821972431,False,True
3.3000000000000003,0.9492525582861396,False,True
3.3200000000000003,0.949946955047027,False,True
3.34,0.9501098098555566,False,True
3.36,0.9497397966952787,False,True
3.38,0.9488360273290232,False,True
3.4,0.9473980517944064,False,True
3.42,0.9454258582267917,False,True
3.44,0.9480028102979565,False,True
3.46,0.9558762995109094,False,True
3.48,0.9630604034412888,False,True
3.5,0.9695467103628435,False,True
3.52,0.9753275438707597,False,True
3.54,0.9803959760739743,False,True
3.56,0.9847458394524763,False,True
3.58,0.9883717373374341,False,True
3.6,0.9912690529764117,False,True
3.62,0.9934339571506278,False,True
3.64,1.001931952291204,False,True
3.66,1.0110629429524665,False,True
3.68,1.0193629701291658,False,True
3.7,1.026824366327516,False,True
3.72,1.0334404185135837,False,True
3.74,1.0392053766468268,False,True
3.76,1.0441144603993417,False,True
3.78,1.0481638640435957,False,True
3.8,1.0513507594978735,False,True
3.82,1.0536732975252072,False,True
3.84,1.0551306070880921,False,True
3.86,1.0557227928678357,False,True
3.88,1.0554509309638578,False,True
3.9,1.0543170627946312,False,True
3.92,1.052324187228197,False,True
3.94,1.0494762509762379,False,True
3.96,1.0457781372915596,False,True
3.98,1.0412356530144018,False,True
4.0,1.0358555140183483,False,True
4.0200000000000005,1.0296453291115926,False,True
4.04,1.0226135824540064,False,True
4.0600000000000005,1.0147696145547629,False,True
4.08,1.006123601919206,False,True
4.1,0.9966865354171963,False,True
4.12,0.9864701974482953,False,True
4.14,0.9754871379818555,False,True
4.16,0.9637506495523743,False,True
4.18,0.9512747412923263,False,True
4.2,0.9380741120861141,False,True
4.22,0.9241641229297896,False,True
4.24,0.9095607685817795,False,True
4.26,0.8942806485900433,False,True
4.28,0.8783409377808612,False,True
4.3,0.8617593562938778,False,True
4.32,0.8445541392470589,False,True
4.34,0.8267440061139307,False,True
4.36,0.8083481298938464,False,True
4.38,0.798597140537105,False,True
4.4,0.790618856503624,False,True
4.42,0.7821716381988004,False,True
4.44,0.7732685507305237,False,True
4.46,0.7639229744959684,False,True
4.48,0.7541485804240611,False,True
4.5,0.7439593052987612,False,True
4.5200000000000005,0.7333693272237823,False,True
4.54,0.7223930412864762,False,True
4.5600000000000005,0.7182852474353574,False,True
4.58,0.7184359864910533,False,True
4.6000000000000005,0.7183463164862788,False,True
4.62,0.7180207444385266,False,True
4.64,0.7174638781276892,False,True
4.66,0.7166804171273214,False,True
4.68,0.7156751438743899,False,True
4.7,0.7144529147994673,False,True
4.72,0.7130186515384999,False,True
4.74,0.7113773322463871,False,True
4.76,0.7095339830316617,False,True
4.78,0.707493669530566,False,True
4.8,0.7052614886378014,False,True
4.82,0.7099745769696479,False,True
4.84,0.7199146939117972,False,True
4.86,0.7296978285974568,False,True
4.88,0.7393200459302238,False,True
4.9,0.7487774113213549,False,True
4.92,0.7580659931349124,False,True
4.94,0.7671818651808359,False,True
4.96,0.7761211092525814,False,True
4.98,0.784879817705963,False,True
5.0,0.793454096075822,False,True
5.0200000000000005,0.8018400657271352,False,True
5.04,0.8100338665371933,False,True
5.0600000000000005,0.8180316596054741,False,True
5.08,0.8258562938376602,False,True
5.1000000000000005,0.8347382777944636,False,True
5.12,0.8434422059435379,False,True
5.14,0.8519637458569062,False,True
5.16,0.860298584661446,False,True
5.18,0.8684424322482891,False,True
5.2,0.8763910244894103,False,True
5.22,0.8841401264581606,False,True
5.24,0.8916855356505389,False,True
5.26,0.8990230852040554,False,True
5.28,0.9062988768691507,False,True
5.3,0.9138684774310456,False,True
5.32,0.921229057204723,False,True
5.34,0.928376362000602,False,True
5.36,0.9353061836441127,False,True
5.38,0.9420143632450159,False,True
5.4,0.9484967944455805,False,True
5.42,0.9547494266448826,False,True
5.44,0.9616952143364076,False,True
5.46,0.968983027592734,False,True
5.48,0.9760012511656458,False,True
5.5,0.9827458906898844,False,True
5.5200000000000005,0.9892130386265889,False,True
5.54,0.9953988771533417,False,True
5.5600000000000005,1.0012996810075114,False,True
5.58,1.0069118202808427,False,True
5.6000000000000005,1.012231763163294,False,True
5.62,1.017256078634202,False,True
5.64,1.0219814390989004,False,True
5.66,1.026404622968995,False,True
5.68,1.0305225171845527,False,True
5.7,1.0343321196765327,False,True
5.72,1.0378305417678395,False,True
5.74,1.0412172383238112,False,True
5.76,1.0445540358830463,False,True
5.78,1.0475742840291289,False,True
5.8,1.0502753696554608,False,True
5.82,1.0529058016740258,False,True
5.84,1.0553561025704747,False,True
5.86,1.0574484139367246,False,True
5.88,1.0591809900503428,False,True
5.9,1.06055222931937,False,True
5.92,1.061560675703279,False,True
5.94,1.0622050200576691,False,True
5.96,1.0624841014019781,False,True
5.98,1.0623969081095437,False,True
6.0,1.0619425790194092,False,True
6.0200000000000005,1.0611204044693103,False,True
6.04,1.0599298272493334,False,True
6.0600000000000005,1.058370443475795,False,True
6.08,1.0564420033849273,False,True
6.1000000000000005,1.0541444120460202,False,True
6.12,1.0514777299937048,False,True
6.140000000000001,1.0484421737791256,False,True
6.16,1.0450381164397846,False,True
6.18,1.041266087887896,False,True
6.2,1.0371267752171327,False,True
6.22,1.032621022927694,False,True
6.24,1.0277498330696675,False,True
6.26,1.0225143653047095,False,True
6.28,1.016915936886097,False,True
6.3,1.010956022557273,False,True
6.32,1.004636254369023,False,True
6.34,0.9979584214154881,False,True
6.36,0.9909244694892413,False,True
6.38,0.985043521927563,False,True
6.4,0.9793034463261104,False,True
6.42,0.9743269848551682,False,True
6.44,0.9689229360429952,False,True
6.46,0.963094038259675,False,True
6.48,0.9568432263482466,False,True
6.5,0.9501736292123978,False,True
6.5200000000000005,0.9430885673525555,False,True
6.54,0.9355915503516107,False,True
6.5600000000000005,0.9276862743114614,False,True
6.58,0.9193766192415271,False,True
6.6000000000000005,0.910666646400343,False,True
6.62,0.9015605955913135,False,True
6.640000000000001,0.8920628824136774,False,True
6.66,0.8821780954697015,False,True
6.68,0.8719109935291033,False,True
6.7,0.8612665026516746,False,True
6.72,0.8502497132690636,False,True
6.74,0.8388658772266533,False,True
6.76,0.8271204047864602,False,True
6.78,0.8150188615919683,False,True
6.8,0.8025669655957935,False,True
6.82,0.7897705839510767,False,True
6.84,0.7766357298674945,False,True
6.86,0.7631685594327623,False,True
6.88,0.7493753684005181,False,True
6.9,0.7352625889454583,False,True
6.92,0.7208367863866068,False,True
6.94,0.7061046558795994,False,True
6.96,0.6910730190788609,False,True
6.98,0.6757488207705653,False,True
7.0,0.6601391254772674,False,True
7.0200000000000005,0.644251114035108,False,True
7.04,0.6280920801444912,False,True
7.0600000000000005,0.6116694268951518,False,True
7.08,0.594990663266526,False,True
7.1000000000000005,0.578063400604362,False,True
7.12,0.5608953490745087,False,True
7.140000000000001,0.543494314094826,False,True
7.16,0.5258681927461856,False,True
7.18,0.5080249701635292,False,True
7.2,0.489972715907967,False,True
7.22,0.47175769214475555,False,True
7.24,0.4538226648432177,False,True
7.26,0.43568370282668933,False,True
7.28,0.41734916516907594,False,True
7.3,0.39882748008383695,False,True
7.32,0.3801271412279461,False,True
7.34,0.36125670399546256,False,True
7.36,0.3422247818016935,False,True
7.38,0.32304004235893763,False,True
7.4,0.30371120394481954,False,True
7.42,0.2949089177568382,False,True
7.44,0.28770020163859145,False,True
7.46,0.28038066725001737,False,True
7.48,0.2818871390777539,False,True
7.5,0.2883224645360509,False,True
7.52,0.29467925696698055,False,True
7.54,0.30095458585552065,False,True
7.56,0.30714556449773794,False,True
7.58,0.31482566155759867,False,True
7.6,0.3345464899281671,False,True
7.62,0.3541535118562698,False,True
7.640000000000001,0.37363807081896977,False,True
7.66,0.39299158162834713,False,True
7.68,0.41220553369260987,False,True
7.7,0.4312714942442404,False,True
7.72,0.450181111534147,False,True
7.74,0.46892611799079553,False,True
7.76,0.4874983333432816,False,True
7.78,0.5058896677073289,False,True
7.8,0.5240921246331868,False,True
7.82,0.54209780411441,False,True
7.84,0.5598989055565103,False,True
7.86,0.5774877307044715,False,True
7.88,0.5948566865281314,False,True
7.9,0.611998288064437,False,True
7.92,0.6289051612155893,False,True
7.94,0.6455700455021043,False,True
7.96,0.6619857967698236,False,True
7.98,0.6781453898499189,False,True
8.0,0.6940419211709457,False,True
8.02,0.7096686113220184,False,True
8.040000000000001,0.7250188075661784,False,True
8.06,0.7400859863030537,False,True
8.08,0.7548637554799135,False,True
8.1,0.7693458569502347,False,True
8.120000000000001,0.7835261687789231,False,True
8.14,0.7973987074933273,False,True
8.16,0.8109576302792215,False,True
8.18,0.8241972371209324,False,True
8.2,0.8371119728848102,False,True
8.22,0.8496964293452639,False,True
8.24,0.8619453471525881,False,True
8.26,0.8738536177418442,False,True
8.28,0.8854162851820552,False,True
8.3,0.8966285479650176,False,True
8.32,0.907485760733033,False,True
8.34,0.9179834359448984,False,True
8.36,0.9281172454795003,False,True
8.38,0.9378830221763947,False,True
8.4,0.9472767613127643,False,True
8.42,0.9562946220161691,False,True
8.44,0.9649329286125399,False,True
8.46,0.9731881719088665,False,True
8.48,0.9810570104100789,False,True
8.5,0.9885362714696249,False,True
8.52,0.9956229523732808,False,True
8.540000000000001,1.0023142213557599,False,True
8.56,1.0086074185496916,False,True
8.58,1.0145000568665938,False,True
8.6,1.0199898228094593,False,True
8.620000000000001,1.0250745772166308,False,True
8.64,1.0297523559366337,False,True
8.66,1.0340213704336965,False,True
8.68,1.037880008323681,False,True
8.700000000000001,1.0413268338401993,False,True
8.72,1.044360588230701,False,True
8.74,1.0469801900823557,False,True
8.76,1.0519767827363014,False,True
8.78,1.0570421432885706,False,True
8.8,1.061686786546223,False,True
8.82,1.0659091068444988,False,True
8.84,1.069707682535526,False,True
8.86,1.0730812762043413,False,True
8.88,1.0760288348151803,False,True
8.9,1.078549489787976,True,True
8.92,1.08064255700502,True,True
8.94,1.082307536747767,True,True
8.96,1.0835441135637929,True,True
8.98,1.0843521560639389,True,True
9.0,1.0847317166496901,True,True
9.02,1.0846830311708793,True,True
9.04,1.0842065185138199,True,True
9.06,1.0833027801199944,True,True
9.08,1.0819725994354656,True,True
9.1,1.0802169412911848,True,True
9.12,1.0780369512144115,True,True
9.14,1.075433954671474,False,True
9.16,1.072409456242139,False,True
9.18,1.0689651387258652,False,True
9.2,1.0651028621802607,False,True
9.22,1.0608246628920814,False,True
9.24,1.0561327522811272,False,True
9.26,1.0510295157374345,False,True
9.28,1.0455175113921709,False,True
9.3,1.0395994688226804,False,True
9.32,1.0335731611807009,False,True
9.34,1.0290587152687245,False,True
9.36,1.0241424834994879,False,True
9.38,1.0188267984819985,False,True
9.4,1.013114160889702,False,True
9.42,1.0070072382743864,False,True
9.44,1.0005088638138668,False,True
9.46,0.993622034993925,False,True
9.48,0.9863499122250142,False,True
9.5,0.9786958173942547,False,True
9.52,0.9706632323532801,False,True
9.54,0.9622557973425163,False,True
9.56,0.9534773093525031,False,True
9.58,0.9443317204228953,False,True
9.6,0.934823135879799,False,True
9.62,0.9249558125121317,False,True
9.64,0.9147341566877202,False,True
9.66,0.9041627224098668,False,True
9.68,0.893246209315147,False,True
9.7,0.8819894606132245,False,True
9.72,0.870397460969491,False,True
9.74,0.8584753343313624,False,True
9.76,0.8462283416990916,False,True
9.78,0.8336618788419726,False,True
9.8,0.8207814739608431,False,True
9.82,0.8075927852978043,False,True
9.84,0.7945439261359453,False,True
9.86,0.781770695696263,False,True
9.88,0.7686902834904453,False,True
9.9,0.7553083559824167,False,True
9.92,0.7416307055676148,False,True
9.94,0.7276632480906757,False,True
9.96,0.7134120203128186,False,True
9.98,0.6988831773299631,False,True
10.0,0.684082989942629,False,True
10.02,0.6690178419786991,False,True
10.04,0.6536942275701237,False,True
10.06,0.6381187483846945,False,True
10.08,0.6222981108140063,False,True
10.1,0.6062391231187677,False,True
10.12,0.5899486925326187,False,True
10.14,0.5734338223256517,False,True
10.16,0.5567016088288281,False,True
10.18,0.5397592384205235,False,True
10.2,0.5226139844764234,False,True
10.22,0.5052732042840341,False,True
10.24,0.487744335923066,False,True
10.26,0.47003489511298485,False,True
10.28,0.4521524720290069,False,True
10.3,0.4341047280878698,False,True
10.32,0.41589939270468884,False,True
10.34,0.39754426002223225,False,True
10.36,0.3790471856139792,False,True
10.38,0.360416083162298,False,True
10.4,0.3416589211131343,False,True
10.42,0.32278371930857613,False,True
10.44,0.3037985455986933,False,True
10.46,0.2847115124340458,False,True
10.48,0.26553077344027304,False,True
10.5,0.2586281930721061,False,True
10.52,0.251976311753262,False,True
10.54,0.24523626714517902,False,True
10.56,0.23841098573759992,False,True
10.58,0.2315034276986658,False,True
10.6,0.2245165856448792,False,True
10.62,0.21745348339816264,False,True
10.64,0.21694775581521783,False,True
10.66,0.22241455934927756,False,True
10.68,0.23495140922630395,False,True
10.7,0.2535574856757061,False,True
10.72,0.2720612744166799,False,True
10.74,0.2904549646665013,False,True
10.76,0.30873079064061487,False,True
10.78,0.3268810348710128,False,True
10.8,0.3448980315043387,False,True
10.82,0.3627741695782995,False,True
10.84,0.38050189627496983,False,True
10.86,0.398073720149596,False,True
10.88,0.4154822143335035,False,True
10.9,0.4327200197097382,False,True
10.92,0.4497798480600696,False,True
10.94,0.46665448518200653,False,True
10.96,0.4833367939744872,False,True
10.98,0.4998197174909118,False,True
11.0,0.5160962819582157,False,True
11.02,0.5321595997606764,False,True
11.04,0.5480028723871827,False,True
11.06,0.5636193933406909,False,True
11.08,0.5790025510086323,False,True
11.1,0.5941458314930271,False,True
11.12,0.6090428213990985,False,True
11.14,0.6236872105811888,False,True
11.16,0.6380727948448028,False,True
11.18,0.6521934786036131,False,True
11.2,0.6660432774902985,False,True
11.22,0.6796163209200858,False,True
11.24,0.6929068546059064,False,True
11.26,0.7059092430240838,False,True
11.28,0.7186179718294975,False,True
11.3,0.7310276502191932,False,True
11.32,0.7433602927876118,False,True
11.34,0.7558421996499655,False,True
11.36,0.768012971381124,False,True
11.38,0.7798674461025604,False,True
11.4,0.7914005954491307,False,True
11.42,0.8026075267158506,False,True
11.44,0.8134834849470202,False,True
11.46,0.8240238549668161,False,True
11.48,0.8354233899719331,False,True
11.5,0.848105674530732,False,True
11.52,0.8604661862153297,False,True
11.54,0.8724996826390594,False,True
11.56,0.8842010594749626,False,True
11.58,0.8955653526346348,False,True
11.6,0.9065877403874851,False,True
11.62,0.9172635454195049,False,True
11.64,0.9275882368306713,False,True
11.66,0.9375574320701311,False,True
11.68,0.947166898808347,False,True
11.7,0.9564125567454033,False,True
11.72,0.9652904793547051,False,True
11.74,0.9737968955613269,False,True
11.76,0.9819281913542958,False,True
11.78,0.9896809113321267,False,True
11.8,0.9970517601809489,False,True
11.82,1.0040376040845935,False,True
11.84,1.0106354720660489,False,True
11.86,1.0168425572597035,False,True
11.88,1.0226562181138465,False,True
11.9,1.0280739795229044,False,True
11.92,1.0330935338889395,False,True
11.94,1.0377127421119585,False,True
11.96,1.0419296345086015,False,True
11.98,1.0457424116588374,False,True
12.0,1.0491494451802896,False,True
12.02,1.0521492784298756,False,True
12.04,1.0547406271324533,False,True
12.06,1.0569294768732953,False,True
12.08,1.0588020359829347,False,True
12.1,1.0602681085198273,False,True
12.12,1.061752132265865,False,True
12.14,1.063013525955763,False,True
12.16,1.0638665755675956,False,True
12.18,1.06431089777405,False,True
12.2,1.0643462823222085,False,True
12.22,1.0639726921374975,False,True
12.24,1.0631902633539017,False,True
12.26,1.0619993052704393,False,True
12.28,1.0604003002339073,False,True
12.3,1.0583939034479584,False,True
12.32,1.0559809427085856,False,True
12.34,1.0531624180661332,False,True
12.36,1.0499395014139756,False,True
12.38,1.046313536004045,False,True
12.4,1.0422860358894104,False,True
12.42,1.0378586852941536,False,True
12.44,1.0330333379108039,False,True
12.46,1.0278120161256408,False,True
12.48,1.0221969101721868,False,True
12.5,1.016190377213263,False,True
12.52,1.0097949403519857,False,True
12.54,1.0030132875721431,False,True
12.56,0.9958482706083891,False,True
12.58,0.988302903746746,False,True
12.6,0.9803803625559265,False,True
12.62,0.9720839825500116,False,True
12.64,0.9634172577830619,False,True
12.66,0.9543838393762557,False,True
12.68,0.9449875339781858,False,True
12.7,0.9352323021589685,False,True
12.72,0.925122256738853,False,True
12.74,0.9146616610520392,False,True
12.76,0.9038549271464481,False,True
12.78,0.8927066139202084,False,True
12.8,0.8812214251956548,False,True
12.82,0.8694042077316574,False,True
12.84,0.8572599491751318,False,True
12.86,0.8447937759525984,False,True
12.88,0.83201095110269,False,True
12.9,0.8189168720505325,False,True
12.92,0.8055170683249444,False,True
12.94,0.7918171992194248,False,True
12.96,0.7778230513979324,False,True
12.98,0.7635405364464655,False,True
13.0,0.7489756883714923,False,True
13.02,0.7341346610462925,False,True
13.04,0.7190237256062973,False,True
13.06,0.7036492677945366,False,True
13.08,0.6880177852583206,False,True
13.1,0.6721358847983104,False,True
13.12,0.6560102795711423,False,True
13.14,0.6396477862468005,False,True
13.16,0.6230553221219427,False,True
13.18,0.6062399021904087,False,True
13.2,0.5892086361721581,False,True
13.22,0.5719687255019017,False,True
13.24,0.5545274602786989,False,True
13.26,0.5368922161778319,False,True
13.28,0.519070451326255,False,True
13.3,0.5010697031429586,False,True
13.32,0.4828975851455854,False,True
13.34,0.46456178372465473,False,True
13.36,0.44608864297381495,False,True
13.38,0.42768964560015216,False,True
13.4,0.4091354858431915,False,True
13.42,0.3904340190351406,False,True
13.44,0.37159316301300577,False,True
13.46,0.3526208947641784,False,True
13.48,0.33352524704691716,False,True
13.5,0.3143143049871549,False,True
13.52,0.2973022594285602,False,True
13.54,0.29060775247908305,False,True
13.56,0.296945332175002,False,True
13.58,0.30320414200527285,False,True
13.6,0.30938152723205764,False,True
13.62,0.315474867731709,False,True
13.64,0.32148157910334746,False,True
13.66,0.3339490083147773,False,True
13.68,0.3530305917001387,False,True
13.7,0.3720030140296902,False,True
13.72,0.3908582347462497,False,True
13.74,0.4095882631724071,False,True
13.76,0.4281851618911892,False,True
13.78,0.4466410501041454,False,True
13.8,0.46494810696543126,False,True
13.82,0.483098574890459,False,True
13.84,0.501084762837756,False,True
13.86,0.5188990495626041,False,True
13.88,0.5365338868411141,False,True
13.9,0.5539818026633494,False,True
13.92,0.5712354043941744,False,True
13.94,0.5882873819004671,False,True
13.96,0.6051305106433891,False,True
13.98,0.621757654734397,False,True
14.0,0.6381617699537131,False,True
14.02,0.6543359067299681,False,True
14.04,0.6702732130797625,False,True
14.06,0.6859669375059049,False,True
14.08,0.7014104318530969,False,True
14.1,0.71659715411986,False,True
14.12,0.7315206712255149,False,True
14.14,0.7461746617310467,False,True
14.16,0.7605529185126957,False,True
14.18,0.7746493513871536,False,True
14.2,0.7884579896872496,False,True
14.22,0.8019729847870428,False,True
14.24,0.8151886125752398,False,True
14.26,0.8280992758759061,False,True
14.28,0.840699506815442,False,True
14.3,0.8529839691348163,False,True
14.32,0.8649474604460895,False,True
14.34,0.8765849144322658,False,True
14.36,0.8878914029895449,False,True
14.38,0.8988621383110654,False,True
14.4,0.909492474911263,False,True
14.42,0.9197779115899859,False,True
14.44,0.9297140933355296,False,True
14.46,0.9392968131657949,False,True
14.48,0.9485220139067888,False,True
14.5,0.957385789907708,False,True
14.52,0.9658843886918916,False,True
14.54,0.974014212542934,False,True
14.56,0.9817718200252905,False,True
14.58,0.9891539274387346,False,True
14.6,0.9961574102060512,False,True
14.62,1.0027793041933724,False,True
14.64,1.009016806962603,False,True
14.66,1.0148672789554087,False,True
14.68,1.0203282446082538,False,True
14.7,1.0253973933980334,False,True
14.72,1.03007258081784,False,True
14.74,1.0343518292824656,False,True
14.76,1.0382333289632477,False,True
14.78,1.0417154385519096,False,True
14.8,1.0463753271785743,False,True
14.82,1.0518040361598786,False,True
14.84,1.056837993634315,False,True
14.86,1.061475072606559,False,True
14.88,1.0657133142726745,False,True
14.9,1.0695509288444867,False,True
14.92,1.0729862963024623,False,True
14.94,1.076017967076783,False,True
14.96,1.0786446626563195,True,True
14.98,1.0808652761252517,True,True
15.0,1.0826788726271035,True,True
15.02,1.0840846897560015,True,True
15.04,1.0850821378749893,True,True
15.06,1.0856708003612594,True,True
15.08,1.085850433778205,True,True
15.1,1.0856209679742115,True,True
15.12,1.0849825061081533,True,True
15.14,1.083935324601579,True,True
15.16,1.0824798730176062,True,True
15.18,1.080616773866579,True,True
15.2,1.078346822338568,True,True
15.22,1.0756709859628255,False,True
15.24,1.0725904041943417,False,True
15.26,1.0691063879276739,False,True
15.28,1.065220418938256,False,True
15.3,1.0609341492514222,False,True
15.32,1.0562494004394154,False,True
15.34,1.0511681628466714,False,True
15.36,1.0456925947437121,False,True
15.38,1.0398250214100029,False,True
15.4,1.035181184814337,False,True
15.42,1.0308600577140956,False,True
15.44,1.0261456508815752,False,True
15.46,1.021039965021289,False,True
15.48,1.015545166562708,False,True
15.5,1.0096635867408361,False,True
15.52,1.0033977206070332,False,True
15.54,0.996750225970506,False,True
15.56,0.9897239222709141,False,True
15.58,0.9823217893825672,False,True
15.6,0.9745469663507228,False,True
15.62,0.9664027500605131,False,True
15.64,0.9578925938390714,False,True
15.66,0.9490201059914419,False,True
15.68,0.9397890482708983,False,True
15.7,0.9302033342843167,False,True
15.72,0.920267027833276,False,True
15.74,0.9099843411915879,False,True
15.76,0.8993596333199906,False,True
15.78,0.8883974080187501,False,True
15.8,0.8771023120189657,False,True
15.82,0.865479133013375,False,True
15.84,0.8535327976274969,False,True
15.86,0.841268369331973,False,True
15.88,0.8293963347098732,False,True
15.9,0.8175866554393602,False,True
15.92,0.8054573773999101,False,True
15.94,0.7930136403734411,False,True
15.96,0.7802607173192248,False,True
15.98,0.7672040121398574,False,True
16.0,0.753849057391784,False,True
16.02,0.7402015119413629,False,True
16.04,0.7262671585674415,False,True
16.06,0.7120519015114786,False,True
16.080000000000002,0.6975617639762378,False,True
16.1,0.6828028855741151,False,True
16.12,0.667781519726179,False,True
16.14,0.6525040310130343,False,True
16.16,0.6369768924786108,False,True
16.18,0.6212066828880403,False,True
16.2,0.6052000839407697,False,True
16.22,0.5889638774400948,False,True
16.240000000000002,0.5725049424203079,False,True
16.26,0.5558302522326889,False,True
16.28,0.5389468715915592,False,True
16.3,0.5218619535816525,False,True
16.32,0.5045827366280776,False,True
16.34,0.48711654143014477,False,True
16.36,0.4694707678603692,False,True
16.38,0.45165289182994206,False,True
16.4,0.4336704621220188,False,True
16.42,0.4155409941612511,False,True
16.44,0.397261457983258,False,True
16.46,0.37881716420255634,False,True
16.48,0.36024855281866114,False,True
16.5,0.3415589115463406,False,True
16.52,0.3227513585551298,False,True
16.54,0.30383386164458004,False,True
16.56,0.28481443515708876,False,True
16.580000000000002,0.2657011365832475,False,True
16.6,0.25382307813812555,False,True
16.62,0.2472662561036346,False,True
16.64,0.2406225702085545,False,True
16.66,0.23389483572041178,False,True
16.68,0.22708590347320246,False,True
16.7,0.2201986586601606,False,True
16.72,0.2132360196119841,False,True
16.740000000000002,0.2068185259790035,False,True
16.76,0.21243015757623077,False,True
16.78,0.22557594169546372,False,True
16.8,0.2440256176125958,False,True
16.82,0.2625153995195789,False,True
16.84,0.2810239580857803,False,True
16.86,0.2994171509577303,False,True
16.88,0.3176871872612124,False,True
16.9,0.33582632826667197,False,True
16.92,0.35382689066773637,False,True
16.94,0.37168124983625056,False,True
16.96,0.3893818430524672,False,True
16.98,0.4069211727090056,False,True
17.0,0.4242918094872366,False,True
17.02,0.44148639550474417,False,True
17.04,0.458497647432516,False,True
17.06,0.47531835958056984,False,True
17.080000000000002,0.4919414069506809,False,True
17.1,0.5083597482549306,False,True
17.12,0.5245664288987989,False,True
17.14,0.5405545839275311,False,True
17.16,0.5563174409345363,False,True
17.18,0.5718483229305718,False,True
17.2,0.5871406511725202,False,True
17.22,0.6021879479505411,False,True
17.240000000000002,0.6169838393324235,False,True
17.26,0.6315220578639825,False,True
17.28,0.6457964452243418,False,True
17.3,0.6598009548349931,False,True
17.32,0.6735296544215154,False,True
17.34,0.6869767285268734,False,True
17.36,0.70013648097523,False,True
17.38,0.7130033372852286,False,True
17.400000000000002,0.7256316161798401,False,True
17.42,0.7385514933955751,False,True
17.44,0.7511665061371748,False,True
17.46,0.7634713106757914,False,True
17.48,0.7754606946773933,False,True
17.5,0.7871295794109363,False,True
17.52,0.7984730218999426,False,True
17.54,0.80948621701656,False,True
17.56,0.82016449951724,False,True
17.580000000000002,0.8309106763837897,False,True
17.6,0.8433785912595635,False,True
17.62,0.8558760213742705,False,True
17.64,0.8680473336890997,False,True
17.66,0.8798873724121279,False,True
17.68,0.891391122069891,False,True
17.7,0.9025537096321585,False,True
17.72,0.9133704065763686,False,True
17.740000000000002,0.9238366308908456,False,True
17.76,0.9339479490159563,False,True
17.78,0.9437000777223788,False,True
17.8,0.9530888859256863,False,True
17.82,0.962110396436486,False,True
17.84,0.9707607876453613,False,True
17.86,0.979036395141911,False,True
17.88,0.9869337132671919,False,True
17.900000000000002,0.9944493965989188,False,True
17.92,1.0015802613687805,False,True
17.94,1.0083232868112784,False,True
17.96,1.014675616443515,False,True
17.98,1.020634559275391,False,True
18.0,1.026197590949694,False,True
18.02,1.0313623548116013,False,True
18.04,1.0361266629071417,False,True
18.06,1.0404884969101917,False,True
18.08,1.0444460089776162,False,True
18.1,1.0479975225321876,False,True
18.12,1.0511415329729574,False,True
18.14,1.053876708312775,False,True
18.16,1.0562018897426828,False,True
18.18,1.058204034106555,False,True
18.2,1.0598252981426564,False,True
18.22,1.0611945056367778,False,True
18.24,1.0626110320331106,False,True
18.26,1.0636182901312354,False,True
18.28,1.064215852936171,False,True
18.3,1.0644034669962161,False,True
18.32,1.064181052510537,False,True
18.34,1.0635487033631905,False,True
18.36,1.0625066870835707,False,True
18.38,1.0610554447332943,False,True
18.4,1.0591955907195743,False,True
18.42,1.056927912535157,False,True
18.44,1.0542533704249417,False,True
18.46,1.0511730969794097,False,True
18.48,1.0476883966550525,False,True
18.5,1.0438007452219842,False,True
18.52,1.0395117891389891,False,True
18.54,1.0348233448562567,False,True
18.56,1.0297373980461044,False,True
18.58,1.0242561027620154,False,True
18.6,1.0183817805263464,False,True
18.62,1.0121169193470871,False,True
18.64,1.005464172664098,False,False
18.66,0.9984263582252647,False,False
18.68,0.9910064568930465,False,False
18.7,0.9832076113819267,False,False
18.72,0.9750331249273004,False,False
18.74,0.9664864598863577,False,False
18.76,0.9590406899074964,False,False
18.78,0.9494556214654578,False,False
18.8,0.948781715433444,False,False
18.82,0.923303561262542,False,False
18.84,0.9243788006015236,False,False
18.86,0.9627215689146645,False,False
18.88,1.0385897601535572,False,False
18.9,0.9593221233400476,False,False
18.92,0.8413881505844927,False,False
18.94,0.8561547912668761,False,False
18.96,0.8346480292152668,False,False
18.98,1.38710495756823,True,False
19.0,0.8784008544247115,False,False
19.02,0.8571531193794079,False,False
19.04,0.8842181705353575,False,False
19.06,0.7764864089145771,False,False
19.08,1.3866721613626416,True,False
19.1,0.7974513285228437,False,False
19.12,0.7152178181258074,False,False
19.14,1.3941701793338381,True,False
19.16,0.8886712644668912,False,False
19.18,1.1016234043372044,True,False
19.2,1.3633566233673686,True,False
19.22,1.0099271910762944,False,False
19.24,1.2432163416677449,True,False
19.26,1.3047912198746856,True,False
19.28,0.8789761941886165,False,False
19.3,1.838865052156344,True,False
19.32,1.4455210948484247,True,False
19.34,1.2502313746753264,True,False
19.36,1.3002714471344132,True,False
19.38,1.8149914886290137,True,False
19.4,1.3478264481012003,True,False
19.42,1.5091046242261374,True,False
19.44,1.3397937162441202,True,False
19.46,1.1754975585701155,True,False
19.48,2.1655914244749197,True,False
19.5,1.001716893133073,False,False
19.52,1.0012986723373565,False,False
19.54,1.2445905550383753,True,False
19.56,1.0052720201361645,False,False
19.58,1.3768147467552894,True,False
19.6,1.2466144459435455,True,False
19.62,1.0838747503444004,True,False
19.64,1.143004044083258,True,False
19.66,1.5012036005995395,True,False
19.68,1.7724300948625142,True,False
19.7,1.2959805526065018,True,False
19.72,0.8366736820576482,False,False
19.74,1.2213391421484436,True,False
19.76,1.4341264920383727,True,False
19.78,1.5218135267551638,True,False
19.8,1.0451967207636308,False,False
19.82,0.7700382799395017,False,False
19.84,1.0165367578052147,False,False
19.86,1.049661802790161,False,False
19.88,1.1868073146225866,True,False
19.9,0.8067174665443243,False,False
19.92,0.5544855782834305,False,False
19.94,0.5787878743631981,False,False
19.96,0.7755630183931507,False,False
19.98,0.8446350300264815,False,False
20.0,0.727643245915471,False,False
20.02,0.5971047212964251,False,False
20.04,0.5536456743541626,False,False
20.06,0.6861380596005748,False,False
20.08,0.7344195906246013,False,False
20.1,0.7241761797644651,False,False
20.12,0.6195187084730283,False,False
20.14,0.6431907362139674,False,False
20.16,0.7142092302007548,False,False
20.18,0.7318984768974549,False,False
20.2,0.7532402601930649,False,False
20.22,0.7367872374013191,False,False
20.24,0.7487637019801534,False,False
20.26,0.780517059884295,False,False
20.28,0.799372839884931,False,False
20.3,0.7847571407249139,False,False
20.32,0.7985448560333541,False,False
20.34,0.8118339699966272,False,False
20.36,0.8248197764903082,False,False
20.38,0.837496774823681,False,False
20.4,0.8498595951169404,False,False
20.42,0.8619030005757856,False,False
20.44,0.8736218897096344,False,False
20.46,0.8850112984925246,False,False
20.48,0.896066402465789,False,False
20.5,0.9067825187816125,False,False
20.52,0.9171551081865998,False,False
20.54,0.9271797769445217,False,False
20.56,0.9368522786974198,False,False
20.58,0.9461685162642867,False,False
20.6,0.9551245433765505,False,False
20.62,0.9637165663496406,False,False
20.64,0.9719409456899172,False,False
20.66,0.9797941976362887,False,False
20.68,0.9872729956358608,False,False
20.7,0.9943741717529949,False,False
20.72,1.001094718011179,False,False
20.74,1.0074317876671406,False,False
20.76,1.013382696416661,False,False
20.78,1.018944923531587,False,False
20.8,1.0241161129275504,False,False
20.82,1.0288940741619446,False,False
20.84,1.0332767833617422,False,False
20.86,1.0372623840807504,False,False
20.88,1.0408491880859498,False,False
20.9,1.0449862035192956,False,False
20.92,1.0505100554700986,False,False
20.94,1.0556400701180928,False,False
20.96,1.060374074501406,False,False
20.98,1.064710063406744,False,False
21.0,1.0686462002187016,False,False
21.02,1.072180817697667,False,False
21.04,1.075312418685974,False,False
21.06,1.0780396767420133,True,False
21.08,1.080361436702032,True,False
21.1,1.0822767151693797,True,False
21.12,1.0837847009309984,True,False
21.14,1.0848847553009782,True,False
21.16,1.0855764123910323,True,False
21.18,1.0858593793077793,True,False
21.2,1.0857335362767444,True,False
21.22,1.0851989366930324,True,False
21.24,1.0842558070986488,True,False
21.26,1.0829045470864782,True,False
21.28,1.0811457291309596,True,False
21.3,1.0789800983455347,True,False
21.32,1.0764085721669634,True,False
21.34,1.0734322399666547,False,False
21.36,1.070052362589158,False,False
21.38,1.06627037181803,False,False
21.4,1.0620878697692897,False,False
21.42,1.057506628212724,False,False
21.44,1.0525285878213302,False,False
21.46,1.047155857349216,False,False
21.48,1.041390712738298,False,False
21.5,1.0362622878674779,False,False
21.52,1.0320466710532512,False,False
21.54,1.0274374100634869,False,False
21.56,1.0224364574066003,False,False
21.58,1.0170459315088365,False,False
21.6,1.0112681158168917,False,False
21.62,1.0051054578306349,False,False
21.64,0.9985605680663392,False,False
21.66,0.9916362189508595,False,False
21.68,0.9843353436472279,False,False
21.7,0.9766610348121644,False,False
21.72,0.9686165432860241,False,False
21.74,0.9602052767157451,False,False
21.76,0.9514307981113684,False,False
21.78,0.9422968243367554,False,False
21.8,0.9328072245351257,False,False
21.82,0.9229660184901008,False,False
21.84,0.9127773749229301,False,False
21.86,0.9022456097266315,False,False
21.88,0.891375184137797,False,False
21.9,0.8801707028468236,False,False
21.92,0.8686369120473824,False,False
21.94,0.8567786974259505,False,False
21.96,0.8446010820922535,False,False
21.98,0.8325662707407488,False,False
22.0,0.8208456226894595,False,False
22.02,0.8088040399750752,False,False
22.04,0.7964466233631952,False,False
22.06,0.7837786074042706,False,False
22.08,0.7708053582162817,False,False
22.1,0.7575323712116734,False,False
22.12,0.7439652687695304,False,False
22.14,0.7301097978539685,False,False
22.16,0.7159718275797493,False,False
22.18,0.7015573467261595,False,False
22.2,0.686872461200196,False,False
22.22,0.6719233914501389,False,False
22.24,0.6567164698306042,False,False
22.26,0.6412581379202007,False,False
22.28,0.6255549437929093,False,False
22.3,0.6096135392443627,False,False
22.32,0.5934406769741806,False,False
22.34,0.5770432077255737,False,False
22.36,0.5604280773834042,False,False
22.38,0.5436023240319564,False,False
22.4,0.5265730749736459,False,False
22.42,0.5093475437099401,False,False
22.44,0.4919330268857663,False,False
22.46,0.4743369011986947,False,False
22.48,0.4565666202742202,False,False
22.5,0.43862971150845326,False,False
22.52,0.4205535339137228,False,False
22.54,0.40232177616191583,False,False
22.56,0.383923119065918,False,False
22.58,0.3653687485408705,False,False
22.6,0.34671396864691056,False,False
22.62,0.32793909389593295,False,False
22.64,0.3090520772205922,False,False
22.66,0.2900609190557266,False,False
22.68,0.27097366394943073,False,False
22.7,0.25553911385494943,False,False
22.72,0.2490081291045169,False,False
22.74,0.24238953130788896,False,False
22.76,0.23568612407658032,False,False
22.78,0.22890074694629936,False,False
22.8,0.22203627417414662,False,False
22.82,0.21509561352110507,False,False
22.84,0.20808170502033765,False,False
22.86,0.21074356097492816,False,False
22.88,0.2203413089950698,False,False
22.9,0.23882094571237325,False,False
22.92,0.2572597154096398,False,False
22.94,0.27580033595156334,False,False
22.96,0.2942277815665359,False,False
22.98,0.3125342465114359,False,False
23.0,0.33071197628943244,False,False
23.02,0.3487532709347477,False,False
23.04,0.36665048827431895,False,False
23.06,0.3843960471649817,False,False
23.08,0.40198243070479833,False,False
23.1,0.4194021894171798,False,False
23.12,0.4366479444064404,False,False
23.14,0.45371239048345696,False,False
23.16,0.47058829926010953,False,False
23.18,0.487268522211187,False,False
23.2,0.503745993702461,False,False
23.22,0.5200137339836516,False,False
23.24,0.5360648521450101,False,False
23.26,0.551892549036275,False,False
23.28,0.5674901201467524,False,False
23.3,0.5828509584453091,False,False
23.32,0.5979685571790775,False,False
23.34,0.6128365126296823,False,False
23.36,0.6274485268258174,False,False
23.38,0.6417984102110373,False,False
23.4,0.6558800842656167,False,False
23.42,0.6696875840813808,False,False
23.44,0.6832150608884083,False,False
23.46,0.696456784532539,False,False
23.48,0.7094071459026366,False,False
23.5,0.722060659306579,False,False
23.52,0.7349529303554845,False,False
23.54,0.747654380947704,False,False
23.56,0.760047095031038,False,False
23.58,0.7721258231292906,False,False
23.6,0.7838854487686219,False,False
23.62,0.7953209906448538,False,False
23.64,0.8064276047335256,False,False
23.66,0.8172005863417936,False,False
23.68,0.8276353721013144,False,False
23.7,0.8398104739477826,False,False
23.72,0.8523987886638661,False,False
23.74,0.8646624426074515,False,False
23.76,0.8765962409713932,False,False
23.78,0.8881951286731583,False,False
23.8,0.899454192496135,False,False
23.82,0.9103686631708398,False,False
23.84,0.9209339173951582,False,False
23.86,0.9311454797927444,False,False
23.88,0.9409990248087684,False,False
23.9,0.9504903785421996,False,False
23.92,0.9596155205138436,False,False
23.94,0.9683705853693964,False,False
23.96,0.9767518645167903,False,False
23.98,0.9847558076971304,False,False
24.0,0.9923790244885655,False,False
24.02,0.9996182857424533,False,False
24.04,1.006470524951209,False,False
24.06,1.0129328395472637,False,False
24.08,1.0190024921325753,False,False
24.1,1.0246769116381769,False,False
24.12,1.0299536944132655,False,False
24.14,1.0348306052433813,False,False
24.16,1.0393055782972282,False,False
24.18,1.0433767180017532,False,False
24.2,1.0470422998450999,False,False
24.22,1.0503007711071037,False,False
24.24,1.0531507515170186,False,False
24.26,1.0555910338381913,False,False
24.28,1.0576761442088516,False,False
24.3,1.0594119249686933,False,False
24.32,1.0607398110450088,False,False
24.34,1.0622547922789007,False,False
24.36,1.0633770538940441,False,False
24.38,1.064089706246869,False,False
24.4,1.0643924474574924,False,False
24.42,1.0642851492817647,False,False
24.44,1.063767857165597,False,False
24.46,1.0628407902257153,False,False
24.48,1.0615043411568443,False,False
24.5,1.0597590760653708,False,False
24.52,1.057605734229544,False,False
24.54,1.0550452277863278,False,False
24.56,1.0520786413450278,False,False
24.58,1.0487072315278587,False,False
24.6,1.0449324264376512,False,False
24.62,1.0407558250529199,False,False
24.64,1.036179196550547,False,False
24.66,1.031204479556374,False,False
24.68,1.0258337813240137,False,False
24.7,1.0200693768422342,False,False
24.72,1.0139137078712888,False,False
24.74,1.007369381908606,False,False
24.76,1.000439171084271,False,False
24.78,0.9931260109867707,False,False
24.8,0.9854329994195007,False,False
24.82,0.9773633950885549,False,False
24.84,0.9689206162223618,False,False
24.86,0.9601082391237471,False,False
24.88,0.9509299966550345,False,False
24.9,0.941389776656831,False,False
24.92,0.9314916203011636,False,False
24.94,0.9212397203796677,False,False
24.96,0.910638419527546,False,False
24.98,0.899692208384059,False,False
25.0,0.8884057236903207,False,False
25.02,0.8767837463252031,False,False
25.04,0.8648311992801897,False,False
25.06,0.8525531455740277,False,False
25.08,0.8399547861080668,False,False
25.1,0.8270414574631912,False,False
25.12,0.8138186296392801,False,False
25.14,0.8002919037381481,False,False
25.16,0.7864670095909593,False,False
25.18,0.7723498033311053,False,False
25.2,0.7579462649135836,False,False
25.22,0.7432624955819304,False,False
25.24,0.7283047152837727,False,False
25.26,0.7130792600360972,False,False
25.28,0.6975925792413542,False,False
25.3,0.6818512329555361,False,False
25.32,0.6658618891093727,False,False
25.34,0.6496313206838448,False,False
25.36,0.6331664028411889,False,False
25.38,0.6164741100126273,False,False
25.4,0.599561512944038,False,False
25.42,0.5824357757008344,False,False
25.44,0.5651041526333128,False,False
25.46,0.5475739853037574,False,False
25.48,0.5298526993765978,False,False
25.5,0.5119478014729478,False,False
25.52,0.4938668759908477,False,False
25.54,0.47561758189256054,False,False
25.56,0.4572076494602843,False,False
25.58,0.43864487702165533,False,False
25.6,0.41993712764642516,False,False
25.62,0.40120970340906975,False,False
25.64,0.3824437387701776,False,False
25.66,0.36354176831841717,False,False
25.68,0.3445117988070538,False,False
25.7,0.32536189120896364,False,False
25.72,0.3061001573020606,False,False
25.74,0.29445976713324057,False,False
25.76,0.29376036995162785,False,False
25.78,0.3000596959011074,False,False
25.8,0.3062789738382234,False,False
25.82,0.31241556931565734,False,False
25.84,0.3184668829098836,False,False
25.86,0.3244303513222621,False,False
25.88,0.3430233494043673,False,False
25.9,0.36204601666278835,False,False
25.92,0.38095590724786305,False,False
25.94,0.3997450110496026,False,False
25.96,0.4184053691225773,False,False
25.98,0.4369290770572807,False,False
26.0,0.45530828832838166,False,False
26.02,0.47353521761846257,False,False
26.04,0.49160214411582753,False,False
26.06,0.5095014147849918,False,False
26.08,0.5272254476084538,False,False
26.1,0.5447667347983935,False,False
26.12,0.5621178459769172,False,False
26.14,0.5792714313235208,False,False
26.16,0.5962202246884255,False,False
26.18,0.6129570466704707,False,False
26.2,0.6294748076582607,False,False
26.22,0.6457665108332833,False,False
26.24,0.6618252551337073,False,False
26.26,0.6776442381776379,False,False
26.28,0.6932167591445544,False,False
26.3,0.7085362216137355,False,False
26.32,0.7235961363584614,False,False
26.34,0.7383901240948063,False,False
26.36,0.752911918183865,False,False
26.38,0.7671553672862563,False,False
26.4,0.7811144379677922,False,False
26.42,0.7947832172552003,False,False
26.44,0.8081559151408223,False,False
26.46,0.8212268670352235,False,False
26.48,0.8339905361666728,False,False
26.5,0.8464415159264869,False,False
26.52,0.8585745321592327,False,False
26.54,0.8703844453968252,False,False
26.56,0.8818662530355726,False,False
26.58,0.8930150914552462,False,False
26.6,0.903826238079278,False,False
26.62,0.914295113375216,False,False
26.64,0.9244172827945799,False,False
26.66,0.9341884586513096,False,False
26.68,0.9436045019379998,False,False
26.7,0.952661424079157,False,False
26.72,0.9613553886207328,False,False
26.74,0.9696827128552233,False,False
26.76,0.9776398693816359,False,False
26.78,0.9852234875996772,False,False
26.8,0.992430355137513,False,False
26.82,0.9992574192125115,False,False
26.84,1.0057017879243801,False,False
26.86,1.011760731480155,False,False
26.88,1.017431683350524,False,False
26.9,1.0227122413569927,False,False
26.92,1.0276001686894272,False,False
26.94,1.0320933948535564,False,False
26.96,1.0361900165480182,False,False
26.98,1.0398882984705835,False,False
27.0,1.043375784857403,False,False
27.02,1.0490090414619582,False,False
27.04,1.0542491020600409,False,False
27.06,1.0590937469965578,False,False
27.08,1.0635409241119882,False,False
27.1,1.067588749611663,False,False
27.12,1.071235508863728,False,False
27.14,1.07447965712545,False,False
27.16,1.0773198201975582,True,False
27.18,1.0797547950063457,True,False
27.2,1.081783550113282,True,False
27.22,1.0834052261519238,True,False
27.24,1.0846191361919353,True,False
27.26,1.0854247660300664,True,False
27.28,1.0858217744079657,True,False
27.3,1.085809993156734,True,False
27.32,1.0853894272681586,True,False
27.34,1.0845602548925972,True,False
27.36,1.0833228272635151,True,False
27.38,1.0816776685487024,True,False
27.4,1.079625475628241,True,False
27.42,1.077167117799308,True,False
27.44,1.074303636407947,False,False
27.46,1.071036244407959,False,False
27.48,1.067366325847104,False,False
27.5,1.0632954352808242,False,False
27.52,1.0588252971137437,False,False
27.54,1.0539578048692237,False,False
27.56,1.0486950203872742,False,False
27.58,1.0430391729511725,False,False
27.6,1.0373687068753996,False,False
27.62,1.0332633290290294,False,False
27.64,1.0287637936902403,False,False
27.66,1.0238720068343394,False,False
27.68,1.0185900405918735,False,False
27.7,1.0129201323708854,False,False
27.72,1.0068646839091648,False,False
27.74,1.0004262602568843,False,False
27.76,0.9936075886900623,False,False
27.78,0.9864115575553045,False,False
27.8,0.9788412150463203,False,False
27.82,0.9708997679127238,False,False
27.84,0.9625905801016783,False,False
27.86,0.953917171332947,False,False
27.88,0.944883215607962,False,False
27.9,0.9354925396535426,False,False
27.92,0.9257491213009157,False,False
27.94,0.915657087800733,False,False
27.96,0.9052207140747921,False,False
27.98,0.8944444209052095,False,False
28.0,0.8833327730618015,False,False
28.02,0.8718904773684789,False,False
28.04,0.8601223807094659,False,False
28.06,0.8480334679761921,False,False
28.08,0.8357818877684519,False,False
28.1,0.8241517834769111,False,False
28.12,0.8121993447144235,False,False
28.14,0.7999296344582928,False,False
28.16,0.7873478500800006,False,False
28.18,0.7744593211436327,False,False
28.2,0.761269507148309,False,False
28.22,0.7477839952155739,False,False
28.24,0.7340084977227299,False,False
28.26,0.7199488498831078,False,False
28.28,0.7056110072743085,False,False
28.3,0.6910010433154595,False,False
28.32,0.6761251466945497,False,False
28.34,0.6609896187469437,False,False
28.36,0.6456008707861788,False,False
28.38,0.6299654213881666,False,False
28.4,0.6140898936299691,False,False
28.42,0.5979810122843082,False,False
28.44,0.581645600970989,False,False
28.46,0.565090579266463,False,False
28.48,0.5483229597727375,False,False
28.5,0.5313498451468813,False,False
28.52,0.5141784250923852,False,False
28.54,0.49681597331365257,False,False
28.56,0.4792698444348978,False,False
28.58,0.4615474708847784,False,False
28.6,0.4436563597480667,False,False
28.62,0.4256156226214221,False,False
28.64,0.4074318843518843,False,False
28.66,0.389079082155623,False,False
28.68,0.37056499016287575,False,False
28.7,0.3519373109922766,False,False
28.72,0.3331951994842373,False,False
28.74,0.3143387195955714,False,False
28.76,0.29537585881122047,False,False
28.78,0.27631464967838637,False,False
28.8,0.25734630854587887,False,False
28.82,0.2508403146779839,False,False
28.84,0.24424593149117954,False,False
28.86,0.23756595232439626,False,False
28.88,0.23080320677446756,False,False
28.9,0.22396055949753157,False,False
28.92,0.21704090899558334,False,False
28.94,0.21004718638868278,False,False
28.96,0.20917487582205085,False,False
28.98,0.2151593715184754,False,False
29.0,0.23366724596510302,False,False
29.02,0.25207129521073124,False,False
29.04,0.27063027383344984,False,False
29.06,0.28909014621843737,False,False
29.08,0.30743121387364525,False,False
29.1,0.3256457076397676,False,False
29.12,0.34372591197338576,False,False
29.14,0.3616641682152242,False,False
29.16,0.3794528778343114,False,False
29.18,0.3970845056466632,False,False
29.2,0.4145515830071471,False,False
29.22,0.4318467109731469,False,False
29.24,0.4489625634387089,False,False
29.26,0.4658918902378371,False,False
29.28,0.4826275202156136,False,False
29.3,0.49916236426585403,False,False
29.32,0.515489418334011,False,False
29.34,0.5316017663840439,False,False
29.36,0.5474925833280125,False,False
29.38,0.5631551379171339,False,False
29.4,0.5785827955931023,False,False
29.42,0.593769021298444,False,False
29.44,0.6087073822447245,False,False
29.46,0.6233915506374386,False,False
29.48,0.6378153063564262,False,False
29.5,0.6519725395906701,False,False
29.52,0.6658572534263766,False,False
29.54,0.6794635663872297,False,False
29.56,0.6927857149257476,False,False
29.58,0.7058180558646855,False,False
29.6,0.7185550687874427,False,False
29.62,0.7313494498455869,False,False
29.64,0.7441362150440289,False,False
29.66,0.7566157337626929,False,False
29.68,0.7687827197569517,False,False
29.7,0.7806320191690469,False,False
29.72,0.7921586127112309,False,False
29.74,0.8033576177919054,False,False
29.76,0.8142242905838529,False,False
29.78,0.8247540280336976,False,False
29.8,0.836235752065687,False,False
29.82,0.8489138393411411,False,False
29.84,0.8612687418044794,False,False
29.86,0.8732952259977279,False,False
29.88,0.8849881975788,False,False
29.9,0.8963427034794185,False,False
29.92,0.9073539340032141,False,False
29.94,0.9180172248630777,False,False
29.96,0.9283280591569237,False,False
29.98,0.9382820692810189,False,False
